ATL,1,American Airlines,397,67.0,1.0,738.0,43.0,651.0,0.0,2898.0
ATL,2,American Airlines,358,40.0,19.0,1452.0,7.0,663.0,0.0,1490.0
ATL,3,American Airlines,493,78.0,17.0,1917.0,27.0,811.0,0.0,2638.0
ATL,4,American Airlines,469,55.0,4.0,1040.0,235.0,1705.0,0.0,1353.0
ATL,5,American Airlines,475,69.0,15.0,1269.0,688.0,1153.0,0.0,1832.0
ATL,6,American Airlines,484,78.0,5.0,1200.0,513.0,1229.0,0.0,2619.0
ATL,7,American Airlines,1046,165.0,8.0,2408.0,334.0,2094.0,13.0,4775.0
ATL,8,American Airlines,990,123.0,12.0,2396.0,497.0,2065.0,24.0,5161.0
ATL,9,American Airlines,919,67.0,8.0,869.0,242.0,1271.0,0.0,2245.0
ATL,10,American Airlines,975,93.0,8.0,1869.0,238.0,1433.0,0.0,1765.0
ATL,11,American Airlines,933,119.0,8.0,2633.0,423.0,1890.0,0.0,2579.0
ATL,12,American Airlines,934,117.0,13.0,2440.0,451.0,2845.0,23.0,4537.0
ATL,1,Alaska Airlines,31,10.0,0.0,66.0,0.0,70.0,0.0,132.0
ATL,2,Alaska Airlines,28,3.0,0.0,0.0,0.0,56.0,0.0,0.0
ATL,3,Alaska Airlines,31,2.0,0.0,0,0,0,0,0
ATL,4,Alaska Airlines,30,2.0,0.0,0.0,0.0,161.0,0.0,121.0
ATL,5,Alaska Airlines,31,9.0,0.0,64.0,25.0,50.0,0.0,125.0
ATL,6,Alaska Airlines,30,5.0,1.0,0.0,0.0,17.0,0.0,178.0
ATL,7,Alaska Airlines,31,4.0,0.0,70.0,0.0,73.0,0.0,34.0
ATL,8,Alaska Airlines,39,8.0,0.0,255.0,197.0,147.0,0.0,104.0
ATL,9,Alaska Airlines,60,6.0,0.0,87.0,0.0,161.0,0.0,109.0
ATL,10,Alaska Airlines,62,8.0,0.0,41.0,28.0,81.0,0.0,122.0
ATL,11,Alaska Airlines,59,4.0,0.0,35.0,0.0,104.0,0.0,40.0
ATL,12,Alaska Airlines,59,13.0,0.0,31.0,9.0,152.0,0.0,201.0
ATL,1,Delta Air Lines,18542,2335.0,90.0,40684.0,10879.0,21108.0,53.0,22731.0
ATL,2,Delta Air Lines,17443,3192.0,486.0,56761.0,20733.0,34722.0,0.0,33775.0
ATL,3,Delta Air Lines,20962,3327.0,65.0,60182.0,11072.0,27281.0,53.0,22605.0
ATL,4,Delta Air Lines,20235,2778.0,44.0,47011.0,16863.0,28825.0,25.0,32776.0
ATL,5,Delta Air Lines,20891,3202.0,56.0,57711.0,32135.0,33695.0,68.0,52147.0
ATL,6,Delta Air Lines,20814,4279.0,87.0,78585.0,54710.0,50567.0,0.0,66973.0
ATL,7,Delta Air Lines,21591,3896.0,12.0,67640.0,27051.0,43079.0,0.0,52285.0
ATL,8,Delta Air Lines,21635,3749.0,11.0,59484.0,30976.0,41233.0,96.0,52546.0
ATL,9,Delta Air Lines,20118,1903.0,0.0,31417.0,15764.0,21393.0,31.0,17296.0
ATL,10,Delta Air Lines,20971,1892.0,3.0,34988.0,661.0,14857.0,64.0,7704.0
ATL,11,Delta Air Lines,20185,2291.0,2.0,41363.0,6255.0,21176.0,32.0,16928.0
ATL,12,Delta Air Lines,19289,3356.0,62.0,50286.0,49979.0,29797.0,118.0,60505.0
ATL,1,ExpressJet Airlines,5257,1059.0,50.0,35467.0,2.0,5291.0,0.0,19312.0
ATL,2,ExpressJet Airlines,4618,997.0,194.0,30774.0,23.0,6091.0,0.0,21175.0
ATL,3,ExpressJet Airlines,5775,1192.0,79.0,36408.0,24.0,6974.0,0.0,21584.0
ATL,4,ExpressJet Airlines,5266,951.0,19.0,30524.0,0.0,7066.0,0.0,14429.0
ATL,5,ExpressJet Airlines,5106,857.0,24.0,27918.0,0.0,7712.0,0.0,18381.0
ATL,6,ExpressJet Airlines,5504,1284.0,69.0,39340.0,0.0,11116.0,0.0,25708.0
ATL,7,ExpressJet Airlines,5477,1142.0,11.0,36235.0,14.0,9066.0,0.0,20369.0
ATL,8,ExpressJet Airlines,5393,1135.0,22.0,38206.0,42.0,8385.0,0.0,23006.0
ATL,9,ExpressJet Airlines,4856,743.0,10.0,24121.0,0.0,4204.0,0.0,10202.0
ATL,10,ExpressJet Airlines,5045,800.0,6.0,25158.0,0.0,3959.0,0.0,10289.0
ATL,11,ExpressJet Airlines,4387,835.0,17.0,25207.0,0.0,4441.0,0.0,15429.0
ATL,12,ExpressJet Airlines,5320,1196.0,94.0,40271.0,0.0,5613.0,0.0,33391.0
ATL,1,Frontier Airlines,188,70.0,4.0,855.0,0.0,1574.0,0.0,1519.0
ATL,2,Frontier Airlines,161,66.0,2.0,929.0,298.0,2245.0,0.0,2691.0
ATL,3,Frontier Airlines,283,118.0,1.0,1660.0,104.0,2829.0,0.0,5096.0
ATL,4,Frontier Airlines,322,113.0,2.0,1338.0,0.0,4161.0,0.0,2958.0
ATL,5,Frontier Airlines,548,153.0,3.0,2811.0,0.0,5349.0,0.0,4299.0
ATL,6,Frontier Airlines,531,186.0,3.0,3245.0,330.0,6259.0,0.0,6310.0
ATL,7,Frontier Airlines,528,174.0,2.0,3503.0,73.0,6367.0,0.0,5543.0
ATL,8,Frontier Airlines,538,127.0,3.0,2433.0,39.0,4750.0,0.0,3464.0
ATL,9,Frontier Airlines,540,117.0,0.0,1941.0,117.0,2197.0,0.0,4042.0
ATL,10,Frontier Airlines,533,104.0,2.0,2435.0,0.0,2193.0,0.0,1548.0
ATL,11,Frontier Airlines,422,132.0,0.0,2927.0,25.0,3557.0,0.0,4798.0
ATL,12,Frontier Airlines,433,117.0,3.0,2263.0,80.0,2379.0,0.0,3499.0
ATL,1,Envoy Air,133,42.0,14.0,746.0,0.0,1432.0,0.0,1901.0
ATL,2,Envoy Air,153,40.0,24.0,343.0,33.0,1242.0,0.0,1754.0
ATL,3,Envoy Air,130,44.0,15.0,636.0,69.0,1466.0,0.0,710.0
ATL,4,Envoy Air,138,34.0,9.0,194.0,15.0,515.0,0.0,1029.0
ATL,5,Envoy Air,139,31.0,10.0,182.0,861.0,1358.0,15.0,806.0
ATL,6,Envoy Air,165,45.0,13.0,462.0,161.0,2409.0,0.0,570.0
ATL,7,Envoy Air,174,42.0,17.0,461.0,59.0,1124.0,0.0,1238.0
ATL,8,Envoy Air,171,41.0,9.0,153.0,69.0,661.0,0.0,1157.0
ATL,9,Envoy Air,68,10.0,2.0,54.0,65.0,328.0,0.0,327.0
ATL,10,Envoy Air,31,2.0,0.0,8.0,0.0,0.0,0.0,105.0
ATL,11,Envoy Air,24,9.0,1.0,1.0,0.0,296.0,0.0,304.0
ATL,1,Spirit Airlines,248,61.0,2.0,502.0,18.0,2052.0,0.0,608.0
ATL,2,Spirit Airlines,224,43.0,6.0,1242.0,0.0,1325.0,10.0,1199.0
ATL,3,Spirit Airlines,248,50.0,1.0,721.0,83.0,1192.0,0.0,1272.0
ATL,4,Spirit Airlines,256,73.0,0.0,1041.0,16.0,2917.0,0.0,1231.0
ATL,5,Spirit Airlines,328,130.0,4.0,2550.0,333.0,3485.0,33.0,3048.0
ATL,6,Spirit Airlines,369,181.0,16.0,3982.0,468.0,7519.0,41.0,3369.0
ATL,7,Spirit Airlines,434,158.0,4.0,2210.0,94.0,2863.0,114.0,5579.0
ATL,8,Spirit Airlines,469,193.0,3.0,2530.0,0.0,7513.0,36.0,2845.0
ATL,9,Spirit Airlines,581,231.0,4.0,4769.0,185.0,5933.0,12.0,4485.0
ATL,10,Spirit Airlines,634,219.0,3.0,1233.0,0.0,10344.0,89.0,739.0
ATL,11,Spirit Airlines,604,181.0,4.0,3162.0,170.0,4731.0,179.0,993.0
ATL,12,Spirit Airlines,608,245.0,13.0,6152.0,869.0,2888.0,83.0,6424.0
ATL,1,SkyWest Airlines,309,91.0,9.0,1103.0,92.0,920.0,0.0,4671.0
ATL,2,SkyWest Airlines,378,108.0,17.0,2425.0,219.0,1040.0,45.0,4854.0
ATL,3,SkyWest Airlines,351,66.0,4.0,674.0,115.0,385.0,0.0,2218.0
ATL,4,SkyWest Airlines,337,51.0,7.0,345.0,251.0,1656.0,0.0,1922.0
ATL,5,SkyWest Airlines,382,55.0,7.0,1422.0,72.0,1011.0,0.0,1960.0
ATL,6,SkyWest Airlines,311,65.0,16.0,2373.0,484.0,1865.0,0.0,2299.0
ATL,7,SkyWest Airlines,426,73.0,14.0,2502.0,240.0,1969.0,0.0,2197.0
ATL,8,SkyWest Airlines,439,61.0,11.0,1167.0,65.0,1764.0,55.0,2441.0
ATL,9,SkyWest Airlines,389,36.0,1.0,475.0,22.0,867.0,0.0,1254.0
ATL,10,SkyWest Airlines,377,31.0,2.0,529.0,0.0,231.0,0.0,1391.0
ATL,11,SkyWest Airlines,479,79.0,6.0,2529.0,205.0,1086.0,0.0,2198.0
ATL,12,SkyWest Airlines,429,96.0,13.0,5554.0,165.0,888.0,0.0,5292.0
ATL,1,United Airlines,219,47.0,15.0,357.0,113.0,675.0,0.0,938.0
ATL,2,United Airlines,227,55.0,18.0,741.0,196.0,1033.0,0.0,1119.0
ATL,3,United Airlines,306,49.0,11.0,514.0,98.0,1111.0,0.0,1224.0
ATL,4,United Airlines,331,82.0,4.0,1011.0,209.0,1367.0,0.0,2194.0
ATL,5,United Airlines,353,125.0,3.0,2252.0,415.0,1395.0,0.0,3463.0
ATL,6,United Airlines,392,149.0,20.0,2912.0,690.0,1917.0,0.0,4115.0
ATL,7,United Airlines,315,84.0,8.0,1170.0,236.0,2034.0,0.0,2696.0
ATL,8,United Airlines,317,66.0,4.0,852.0,132.0,1739.0,0.0,1835.0
ATL,9,United Airlines,326,58.0,1.0,378.0,183.0,515.0,0.0,1305.0
ATL,10,United Airlines,375,46.0,2.0,304.0,0.0,1011.0,0.0,676.0
ATL,11,United Airlines,324,67.0,1.0,584.0,96.0,1205.0,0.0,1938.0
ATL,12,United Airlines,295,100.0,4.0,1449.0,271.0,2219.0,0.0,2881.0
ATL,1,US Airways,513,53.0,13.0,633.0,194.0,1434.0,0.0,743.0
ATL,2,US Airways,464,47.0,24.0,1471.0,17.0,1006.0,0.0,1330.0
ATL,3,US Airways,500,55.0,7.0,753.0,19.0,704.0,0.0,1531.0
ATL,4,US Airways,431,53.0,0.0,366.0,37.0,1181.0,0.0,1285.0
ATL,5,US Airways,509,59.0,0.0,944.0,299.0,955.0,0.0,2255.0
ATL,6,US Airways,522,82.0,4.0,1156.0,831.0,1919.0,0.0,2544.0
ATL,1,Southwest Airlines,3675,884.0,65.0,10879.0,637.0,4182.0,58.0,19360.0
ATL,2,Southwest Airlines,3312,700.0,142.0,9325.0,940.0,3836.0,0.0,9735.0
ATL,3,Southwest Airlines,3675,927.0,69.0,14374.0,903.0,3690.0,8.0,13798.0
ATL,4,Southwest Airlines,3555,814.0,13.0,9726.0,449.0,5307.0,18.0,15497.0
ATL,5,Southwest Airlines,3636,871.0,26.0,10351.0,2711.0,4828.0,37.0,23072.0
ATL,6,Southwest Airlines,3613,1160.0,53.0,18886.0,6866.0,7748.0,0.0,30602.0
ATL,7,Southwest Airlines,3713,1206.0,11.0,20828.0,2857.0,7115.0,21.0,33991.0
ATL,8,Southwest Airlines,3716,980.0,23.0,16019.0,1977.0,8147.0,0.0,23937.0
ATL,9,Southwest Airlines,3476,512.0,12.0,6506.0,1366.0,3976.0,9.0,9298.0
ATL,10,Southwest Airlines,3585,498.0,5.0,7549.0,1052.0,2899.0,40.0,5614.0
ATL,11,Southwest Airlines,3490,627.0,23.0,8899.0,903.0,3562.0,0.0,9416.0
ATL,12,Southwest Airlines,3652,977.0,69.0,12725.0,3069.0,4966.0,24.0,27213.0
DEN,1,American Airlines,480,149.0,1.0,2810.0,70.0,2113.0,0.0,4096.0
DEN,2,American Airlines,442,110.0,19.0,1785.0,287.0,2426.0,0.0,2744.0
DEN,3,American Airlines,495,95.0,12.0,3000.0,26.0,1290.0,0.0,3027.0
DEN,4,American Airlines,443,70.0,5.0,975.0,32.0,1944.0,0.0,1677.0
DEN,5,American Airlines,452,58.0,12.0,1444.0,60.0,2083.0,14.0,1519.0
DEN,6,American Airlines,477,117.0,7.0,6893.0,322.0,1910.0,0.0,4227.0
DEN,7,American Airlines,951,148.0,7.0,3205.0,285.0,1514.0,0.0,5504.0
DEN,8,American Airlines,958,139.0,2.0,2458.0,356.0,1823.0,17.0,4311.0
DEN,9,American Airlines,829,97.0,4.0,2966.0,30.0,1276.0,0.0,3011.0
DEN,10,American Airlines,810,108.0,7.0,3535.0,7.0,1582.0,0.0,2525.0
DEN,11,American Airlines,755,128.0,16.0,5115.0,166.0,3341.0,0.0,3162.0
DEN,12,American Airlines,825,152.0,25.0,3619.0,688.0,3317.0,0.0,3369.0
DEN,1,Alaska Airlines,124,14.0,0.0,152.0,46.0,274.0,0.0,188.0
DEN,2,Alaska Airlines,112,9.0,0.0,252.0,32.0,197.0,0.0,268.0
DEN,3,Alaska Airlines,145,5.0,0.0,55.0,0.0,104.0,0.0,21.0
DEN,4,Alaska Airlines,146,14.0,0.0,863.0,0.0,141.0,0.0,112.0
DEN,5,Alaska Airlines,155,12.0,0.0,227.0,0.0,173.0,0.0,159.0
DEN,6,Alaska Airlines,171,22.0,0.0,1937.0,27.0,175.0,0.0,221.0
DEN,7,Alaska Airlines,182,11.0,0.0,382.0,0.0,142.0,0.0,153.0
DEN,8,Alaska Airlines,173,20.0,1.0,182.0,8.0,969.0,0.0,460.0
DEN,9,Alaska Airlines,144,9.0,0.0,179.0,0.0,141.0,0.0,243.0
DEN,10,Alaska Airlines,127,13.0,0.0,30.0,12.0,144.0,0.0,450.0
DEN,11,Alaska Airlines,115,18.0,1.0,142.0,0.0,606.0,0.0,233.0
DEN,12,Alaska Airlines,122,15.0,1.0,152.0,33.0,276.0,0.0,751.0
DEN,1,JetBlue Airways,80,23.0,5.0,126.0,13.0,493.0,0.0,885.0
DEN,2,JetBlue Airways,76,36.0,4.0,88.0,33.0,786.0,0.0,1696.0
DEN,3,JetBlue Airways,89,36.0,1.0,173.0,0.0,108.0,0.0,1264.0
DEN,4,JetBlue Airways,86,27.0,1.0,252.0,65.0,460.0,0.0,856.0
DEN,5,JetBlue Airways,87,19.0,1.0,30.0,56.0,501.0,0.0,378.0
DEN,6,JetBlue Airways,93,26.0,1.0,107.0,0.0,288.0,0.0,844.0
DEN,7,JetBlue Airways,93,32.0,1.0,75.0,18.0,188.0,0.0,707.0
DEN,8,JetBlue Airways,98,32.0,0.0,326.0,0.0,155.0,0.0,820.0
DEN,9,JetBlue Airways,91,19.0,0.0,33.0,0.0,217.0,0.0,304.0
DEN,10,JetBlue Airways,87,29.0,0.0,109.0,0.0,99.0,0.0,430.0
DEN,11,JetBlue Airways,80,18.0,2.0,133.0,5.0,207.0,0.0,718.0
DEN,12,JetBlue Airways,85,24.0,0.0,225.0,8.0,238.0,0.0,842.0
DEN,1,Delta Air Lines,558,100.0,6.0,2094.0,260.0,1221.0,0.0,1551.0
DEN,2,Delta Air Lines,518,114.0,12.0,2351.0,445.0,2311.0,0.0,2239.0
DEN,3,Delta Air Lines,685,109.0,5.0,2908.0,60.0,1583.0,0.0,2255.0
DEN,4,Delta Air Lines,645,82.0,1.0,1290.0,54.0,1684.0,0.0,1855.0
DEN,5,Delta Air Lines,648,79.0,1.0,1898.0,78.0,1420.0,0.0,1318.0
DEN,6,Delta Air Lines,663,112.0,0.0,2758.0,239.0,1539.0,0.0,2278.0
DEN,7,Delta Air Lines,697,116.0,0.0,2953.0,68.0,1268.0,0.0,1874.0
DEN,8,Delta Air Lines,701,115.0,0.0,2927.0,120.0,1157.0,0.0,2733.0
DEN,9,Delta Air Lines,669,58.0,0.0,1433.0,15.0,854.0,0.0,788.0
DEN,10,Delta Air Lines,715,54.0,0.0,2666.0,0.0,459.0,0.0,483.0
DEN,11,Delta Air Lines,628,88.0,0.0,1625.0,392.0,2556.0,0.0,1591.0
DEN,12,Delta Air Lines,668,146.0,1.0,3557.0,938.0,2720.0,0.0,3216.0
DEN,1,ExpressJet Airlines,1215,355.0,33.0,8169.0,715.0,6916.0,0.0,6891.0
DEN,2,ExpressJet Airlines,1012,280.0,54.0,5867.0,638.0,4351.0,0.0,5143.0
DEN,3,ExpressJet Airlines,1325,176.0,16.0,3382.0,153.0,4430.0,0.0,3526.0
DEN,4,ExpressJet Airlines,878,134.0,8.0,2037.0,463.0,3419.0,0.0,4007.0
DEN,5,ExpressJet Airlines,640,103.0,13.0,1914.0,252.0,1657.0,0.0,3789.0
DEN,6,ExpressJet Airlines,424,115.0,12.0,2168.0,464.0,1452.0,0.0,3310.0
DEN,7,ExpressJet Airlines,13,4.0,2.0,254.0,0.0,0.0,0.0,0.0
DEN,1,Frontier Airlines,1943,426.0,10.0,5510.0,189.0,12007.0,0.0,11825.0
DEN,2,Frontier Airlines,1612,392.0,6.0,4867.0,175.0,14307.0,0.0,11970.0
DEN,3,Frontier Airlines,1902,440.0,3.0,4778.0,193.0,10342.0,0.0,8900.0
DEN,4,Frontier Airlines,1973,395.0,1.0,4851.0,343.0,12358.0,0.0,6017.0
DEN,5,Frontier Airlines,1956,310.0,1.0,5131.0,275.0,10016.0,0.0,6463.0
DEN,6,Frontier Airlines,1934,425.0,2.0,6202.0,484.0,12313.0,0.0,10160.0
DEN,7,Frontier Airlines,1968,408.0,2.0,5466.0,495.0,10260.0,0.0,6547.0
DEN,8,Frontier Airlines,1993,277.0,2.0,4729.0,158.0,8132.0,0.0,5091.0
DEN,9,Frontier Airlines,1972,162.0,0.0,2508.0,64.0,3718.0,0.0,2187.0
DEN,10,Frontier Airlines,2080,235.0,1.0,3714.0,15.0,3434.0,0.0,3444.0
DEN,11,Frontier Airlines,1920,438.0,6.0,6537.0,322.0,13955.0,0.0,7550.0
DEN,12,Frontier Airlines,2002,551.0,18.0,10438.0,1322.0,13436.0,0.0,13779.0
DEN,1,Spirit Airlines,273,78.0,0.0,235.0,12.0,4224.0,0.0,1308.0
DEN,2,Spirit Airlines,251,71.0,14.0,670.0,51.0,3052.0,0.0,1559.0
DEN,3,Spirit Airlines,310,67.0,4.0,673.0,121.0,2392.0,0.0,2410.0
DEN,4,Spirit Airlines,345,65.0,5.0,492.0,19.0,2448.0,0.0,1723.0
DEN,5,Spirit Airlines,403,132.0,11.0,1511.0,216.0,3317.0,0.0,4091.0
DEN,6,Spirit Airlines,390,154.0,18.0,1264.0,100.0,3231.0,9.0,8152.0
DEN,7,Spirit Airlines,403,103.0,6.0,1156.0,130.0,1984.0,0.0,3118.0
DEN,8,Spirit Airlines,392,118.0,5.0,868.0,54.0,4232.0,0.0,2972.0
DEN,9,Spirit Airlines,320,38.0,0.0,201.0,107.0,610.0,0.0,872.0
DEN,10,Spirit Airlines,317,47.0,3.0,532.0,0.0,3474.0,0.0,283.0
DEN,11,Spirit Airlines,300,63.0,4.0,399.0,54.0,2973.0,0.0,1559.0
DEN,12,Spirit Airlines,304,79.0,10.0,1296.0,360.0,1642.0,74.0,1356.0
DEN,1,SkyWest Airlines,3625,1242.0,120.0,29267.0,2496.0,14281.0,8.0,33747.0
DEN,2,SkyWest Airlines,3510,1079.0,113.0,19463.0,3897.0,14296.0,44.0,28569.0
DEN,3,SkyWest Airlines,3950,695.0,40.0,10504.0,2695.0,6891.0,58.0,15923.0
DEN,4,SkyWest Airlines,3882,683.0,62.0,13133.0,2017.0,8896.0,69.0,20259.0
DEN,5,SkyWest Airlines,4131,723.0,36.0,14581.0,1979.0,5711.0,2.0,15250.0
DEN,6,SkyWest Airlines,4227,978.0,58.0,19057.0,3557.0,7592.0,0.0,27515.0
DEN,7,SkyWest Airlines,4675,1094.0,45.0,21572.0,3944.0,7166.0,0.0,27853.0
DEN,8,SkyWest Airlines,4613,858.0,31.0,18754.0,999.0,5290.0,160.0,17897.0
DEN,9,SkyWest Airlines,4126,515.0,15.0,13858.0,337.0,3515.0,0.0,8709.0
DEN,10,SkyWest Airlines,4028,555.0,15.0,10249.0,475.0,3472.0,28.0,11346.0
DEN,11,SkyWest Airlines,3821,713.0,75.0,14403.0,1667.0,12817.0,13.0,20726.0
DEN,12,SkyWest Airlines,4073,934.0,130.0,17561.0,2955.0,12725.0,101.0,26561.0
DEN,1,United Airlines,3761,1291.0,59.0,25389.0,2993.0,11940.0,0.0,17484.0
DEN,2,United Airlines,3575,1168.0,64.0,19374.0,2247.0,12175.0,0.0,17219.0
DEN,3,United Airlines,4174,1008.0,26.0,13551.0,2987.0,9533.0,0.0,17186.0
DEN,4,United Airlines,3741,948.0,21.0,15760.0,1930.0,10297.0,0.0,22347.0
DEN,5,United Airlines,4105,1004.0,19.0,12568.0,1989.0,11327.0,0.0,18124.0
DEN,6,United Airlines,4507,1677.0,73.0,27118.0,4797.0,13907.0,0.0,48289.0
DEN,7,United Airlines,4549,1376.0,40.0,22255.0,3867.0,10009.0,0.0,36332.0
DEN,8,United Airlines,4548,991.0,25.0,15594.0,1723.0,9836.0,0.0,23543.0
DEN,9,United Airlines,4212,562.0,4.0,10590.0,292.0,6084.0,0.0,11098.0
DEN,10,United Airlines,4722,780.0,5.0,10505.0,169.0,5460.0,0.0,16479.0
DEN,11,United Airlines,4424,828.0,47.0,15300.0,1117.0,14387.0,0.0,19112.0
DEN,12,United Airlines,4622,1161.0,83.0,23664.0,4954.0,18995.0,0.0,34922.0
DEN,1,US Airways,378,47.0,9.0,1225.0,3.0,1484.0,0.0,688.0
DEN,2,US Airways,332,59.0,7.0,1252.0,69.0,1199.0,31.0,2018.0
DEN,3,US Airways,412,49.0,4.0,613.0,0.0,787.0,0.0,836.0
DEN,4,US Airways,363,37.0,1.0,1120.0,0.0,658.0,0.0,396.0
DEN,5,US Airways,405,36.0,2.0,880.0,109.0,825.0,0.0,614.0
DEN,6,US Airways,439,68.0,1.0,2947.0,0.0,684.0,0.0,2157.0
DEN,1,Southwest Airlines,4653,1318.0,30.0,21949.0,1098.0,6532.0,104.0,26379.0
DEN,2,Southwest Airlines,4202,1109.0,108.0,15800.0,1300.0,7070.0,0.0,23052.0
DEN,3,Southwest Airlines,5122,1023.0,38.0,14912.0,1527.0,4993.0,0.0,16517.0
DEN,4,Southwest Airlines,5007,1010.0,28.0,15595.0,1459.0,7870.0,0.0,21296.0
DEN,5,Southwest Airlines,5124,1209.0,13.0,14503.0,3463.0,7390.0,31.0,25446.0
DEN,6,Southwest Airlines,5342,1719.0,41.0,25252.0,3928.0,9018.0,0.0,48656.0
DEN,7,Southwest Airlines,5545,1702.0,17.0,28445.0,2612.0,8974.0,29.0,41237.0
DEN,8,Southwest Airlines,5390,1212.0,10.0,17167.0,2243.0,8382.0,60.0,27480.0
DEN,9,Southwest Airlines,5034,669.0,2.0,9187.0,1117.0,4163.0,0.0,11043.0
DEN,10,Southwest Airlines,5250,845.0,2.0,9254.0,1141.0,3980.0,0.0,12582.0
DEN,11,Southwest Airlines,5074,1011.0,78.0,12565.0,1609.0,11306.0,11.0,20871.0
DEN,12,Southwest Airlines,5275,1438.0,127.0,20923.0,3395.0,11180.0,59.0,32394.0
DFW,1,American Airlines,12455,2970.0,196.0,63828.0,2439.0,20223.0,218.0,61010.0
DFW,2,American Airlines,11199,2010.0,897.0,43391.0,17918.0,40713.0,128.0,32307.0
DFW,3,American Airlines,12714,3121.0,491.0,72340.0,2922.0,21410.0,248.0,51348.0
DFW,4,American Airlines,12104,3042.0,105.0,46462.0,27406.0,22859.0,236.0,73736.0
DFW,5,American Airlines,12120,3040.0,373.0,52823.0,37792.0,34220.0,23.0,65589.0
DFW,6,American Airlines,12142,3220.0,118.0,61336.0,10191.0,24882.0,103.0,72602.0
DFW,7,American Airlines,13163,2693.0,38.0,49798.0,1737.0,19794.0,38.0,49235.0
DFW,8,American Airlines,12862,2587.0,56.0,51568.0,428.0,19046.0,3.0,41659.0
DFW,9,American Airlines,11889,1681.0,23.0,35867.0,802.0,11732.0,10.0,23068.0
DFW,10,American Airlines,12288,1806.0,221.0,37434.0,19991.0,18800.0,69.0,39090.0
DFW,11,American Airlines,11558,2411.0,90.0,43663.0,12593.0,25865.0,197.0,47981.0
DFW,12,American Airlines,12064,2296.0,375.0,51412.0,16855.0,26596.0,215.0,39887.0
DFW,1,Alaska Airlines,106,13.0,1.0,48.0,0.0,37.0,0.0,207.0
DFW,2,Alaska Airlines,96,10.0,0.0,26.0,5.0,61.0,0.0,97.0
DFW,3,Alaska Airlines,120,9.0,0.0,59.0,0.0,14.0,40.0,35.0
DFW,4,Alaska Airlines,120,16.0,1.0,513.0,71.0,156.0,0.0,139.0
DFW,5,Alaska Airlines,123,26.0,0.0,68.0,124.0,272.0,2.0,674.0
DFW,6,Alaska Airlines,144,13.0,0.0,294.0,0.0,219.0,0.0,446.0
DFW,7,Alaska Airlines,155,13.0,0.0,350.0,41.0,116.0,0.0,252.0
DFW,8,Alaska Airlines,155,14.0,0.0,376.0,0.0,323.0,0.0,333.0
DFW,9,Alaska Airlines,132,4.0,0.0,9.0,0.0,198.0,0.0,135.0
DFW,10,Alaska Airlines,134,11.0,0.0,68.0,33.0,445.0,0.0,294.0
DFW,11,Alaska Airlines,89,20.0,0.0,316.0,0.0,148.0,0.0,212.0
DFW,12,Alaska Airlines,108,21.0,1.0,123.0,0.0,124.0,0.0,338.0
DFW,1,JetBlue Airways,50,13.0,5.0,67.0,18.0,19.0,0.0,351.0
DFW,2,JetBlue Airways,50,15.0,10.0,1041.0,12.0,37.0,0.0,531.0
DFW,3,JetBlue Airways,57,24.0,0.0,356.0,13.0,141.0,0.0,505.0
DFW,4,JetBlue Airways,56,13.0,2.0,43.0,35.0,239.0,0.0,155.0
DFW,5,JetBlue Airways,57,23.0,0.0,139.0,28.0,149.0,0.0,555.0
DFW,6,JetBlue Airways,56,21.0,0.0,375.0,0.0,189.0,0.0,499.0
DFW,7,JetBlue Airways,58,8.0,0.0,44.0,31.0,60.0,0.0,174.0
DFW,8,JetBlue Airways,57,14.0,0.0,175.0,0.0,183.0,0.0,345.0
DFW,9,JetBlue Airways,56,3.0,0.0,6.0,0.0,60.0,0.0,23.0
DFW,10,JetBlue Airways,57,12.0,0.0,466.0,32.0,68.0,0.0,224.0
DFW,11,JetBlue Airways,55,13.0,0.0,96.0,18.0,136.0,0.0,208.0
DFW,12,JetBlue Airways,46,13.0,0.0,821.0,17.0,57.0,0.0,452.0
DFW,1,Delta Air Lines,406,52.0,0.0,1555.0,18.0,353.0,0.0,965.0
DFW,2,Delta Air Lines,415,96.0,7.0,2501.0,1407.0,1457.0,0.0,1718.0
DFW,3,Delta Air Lines,455,84.0,0.0,1408.0,694.0,287.0,0.0,1569.0
DFW,4,Delta Air Lines,441,93.0,1.0,1542.0,389.0,506.0,0.0,1556.0
DFW,5,Delta Air Lines,472,83.0,1.0,2748.0,1673.0,1506.0,0.0,2962.0
DFW,6,Delta Air Lines,517,82.0,2.0,2055.0,354.0,880.0,0.0,2456.0
DFW,7,Delta Air Lines,539,60.0,1.0,2299.0,5.0,580.0,0.0,1311.0
DFW,8,Delta Air Lines,527,56.0,1.0,3526.0,0.0,457.0,0.0,1075.0
DFW,9,Delta Air Lines,494,39.0,0.0,956.0,45.0,209.0,0.0,465.0
DFW,10,Delta Air Lines,465,46.0,0.0,1414.0,171.0,635.0,0.0,1294.0
DFW,11,Delta Air Lines,403,48.0,0.0,1623.0,166.0,470.0,0.0,943.0
DFW,12,Delta Air Lines,426,76.0,2.0,2273.0,2504.0,947.0,0.0,3610.0
DFW,1,ExpressJet Airlines,1370,328.0,43.0,10393.0,0.0,2765.0,0.0,9270.0
DFW,2,ExpressJet Airlines,1220,249.0,141.0,7575.0,65.0,5203.0,0.0,6426.0
DFW,3,ExpressJet Airlines,1719,564.0,131.0,15612.0,0.0,4643.0,0.0,17356.0
DFW,4,ExpressJet Airlines,1746,478.0,52.0,16114.0,0.0,3160.0,0.0,15815.0
DFW,5,ExpressJet Airlines,2110,702.0,102.0,19153.0,0.0,5972.0,0.0,23786.0
DFW,6,ExpressJet Airlines,2542,838.0,71.0,27286.0,0.0,4513.0,0.0,26062.0
DFW,7,ExpressJet Airlines,2857,636.0,13.0,19188.0,0.0,3327.0,0.0,14360.0
DFW,8,ExpressJet Airlines,2787,593.0,23.0,18768.0,0.0,2972.0,0.0,12247.0
DFW,9,ExpressJet Airlines,2522,281.0,5.0,7504.0,0.0,1672.0,0.0,5888.0
DFW,10,ExpressJet Airlines,2605,350.0,82.0,14165.0,0.0,3076.0,0.0,7215.0
DFW,11,ExpressJet Airlines,2514,503.0,55.0,16195.0,0.0,3720.0,0.0,11604.0
DFW,12,ExpressJet Airlines,2725,469.0,84.0,18160.0,0.0,3755.0,0.0,12083.0
DFW,1,Frontier Airlines,137,29.0,1.0,285.0,0.0,570.0,0.0,957.0
DFW,2,Frontier Airlines,86,31.0,2.0,1126.0,4.0,919.0,0.0,1076.0
DFW,3,Frontier Airlines,118,38.0,1.0,430.0,12.0,514.0,0.0,797.0
DFW,4,Frontier Airlines,116,31.0,0.0,82.0,0.0,1311.0,0.0,541.0
DFW,5,Frontier Airlines,118,36.0,0.0,100.0,61.0,1542.0,0.0,1330.0
DFW,6,Frontier Airlines,112,39.0,0.0,150.0,126.0,1331.0,0.0,1571.0
DFW,7,Frontier Airlines,123,20.0,1.0,87.0,0.0,653.0,0.0,532.0
DFW,8,Frontier Airlines,124,13.0,0.0,84.0,0.0,336.0,0.0,671.0
DFW,9,Frontier Airlines,119,12.0,0.0,312.0,0.0,44.0,0.0,611.0
DFW,10,Frontier Airlines,142,21.0,0.0,189.0,2.0,487.0,0.0,530.0
DFW,11,Frontier Airlines,116,25.0,0.0,232.0,71.0,753.0,0.0,508.0
DFW,12,Frontier Airlines,119,24.0,0.0,481.0,0.0,654.0,0.0,944.0
DFW,1,Envoy Air,6709,1769.0,244.0,45154.0,3952.0,14297.0,496.0,33295.0
DFW,2,Envoy Air,6057,1428.0,853.0,23669.0,20947.0,22426.0,358.0,24516.0
DFW,3,Envoy Air,6092,1568.0,466.0,33959.0,7569.0,12015.0,936.0,25876.0
DFW,4,Envoy Air,5300,1290.0,171.0,14210.0,21042.0,9749.0,404.0,22174.0
DFW,5,Envoy Air,5022,1232.0,291.0,17275.0,22616.0,12031.0,495.0,19822.0
DFW,6,Envoy Air,4831,1366.0,112.0,23946.0,9114.0,7319.0,562.0,24910.0
DFW,7,Envoy Air,4372,783.0,35.0,16966.0,3331.0,4900.0,145.0,13124.0
DFW,8,Envoy Air,4181,655.0,24.0,15064.0,1315.0,3403.0,218.0,9894.0
DFW,9,Envoy Air,3741,428.0,2.0,10722.0,806.0,2279.0,79.0,4836.0
DFW,10,Envoy Air,3895,451.0,103.0,7195.0,6297.0,5838.0,21.0,6392.0
DFW,11,Envoy Air,3446,395.0,47.0,5657.0,5072.0,3869.0,43.0,7119.0
DFW,12,Envoy Air,3852,554.0,144.0,10345.0,5921.0,5705.0,356.0,10876.0
DFW,1,Spirit Airlines,719,127.0,5.0,658.0,17.0,6031.0,0.0,1154.0
DFW,2,Spirit Airlines,676,123.0,37.0,1683.0,1586.0,4594.0,0.0,1834.0
DFW,3,Spirit Airlines,749,124.0,9.0,2080.0,1254.0,3659.0,0.0,1708.0
DFW,4,Spirit Airlines,794,172.0,3.0,1727.0,1322.0,6528.0,22.0,1724.0
DFW,5,Spirit Airlines,863,340.0,19.0,4709.0,3533.0,10331.0,31.0,7282.0
DFW,6,Spirit Airlines,828,335.0,29.0,9430.0,352.0,9291.0,0.0,8096.0
DFW,7,Spirit Airlines,857,217.0,4.0,3189.0,35.0,5178.0,60.0,4259.0
DFW,8,Spirit Airlines,854,223.0,3.0,2741.0,27.0,9666.0,7.0,3894.0
DFW,9,Spirit Airlines,759,96.0,0.0,2190.0,22.0,2582.0,0.0,855.0
DFW,10,Spirit Airlines,762,96.0,3.0,78.0,100.0,5108.0,0.0,161.0
DFW,11,Spirit Airlines,711,107.0,6.0,927.0,64.0,3380.0,0.0,1290.0
DFW,12,Spirit Airlines,709,164.0,12.0,3250.0,153.0,5468.0,0.0,3419.0
DFW,1,SkyWest Airlines,385,104.0,5.0,1356.0,75.0,1348.0,15.0,4342.0
DFW,2,SkyWest Airlines,302,72.0,17.0,1578.0,483.0,1935.0,0.0,1884.0
DFW,3,SkyWest Airlines,364,58.0,10.0,595.0,39.0,900.0,16.0,2107.0
DFW,4,SkyWest Airlines,482,102.0,9.0,1694.0,327.0,2217.0,0.0,2925.0
DFW,5,SkyWest Airlines,416,109.0,11.0,2461.0,533.0,3014.0,0.0,4470.0
DFW,6,SkyWest Airlines,416,107.0,13.0,1119.0,553.0,1941.0,0.0,3173.0
DFW,7,SkyWest Airlines,355,80.0,3.0,1417.0,39.0,987.0,0.0,2576.0
DFW,8,SkyWest Airlines,408,73.0,11.0,1501.0,128.0,1421.0,0.0,2441.0
DFW,9,SkyWest Airlines,358,48.0,3.0,620.0,45.0,1129.0,0.0,1339.0
DFW,10,SkyWest Airlines,367,49.0,3.0,2084.0,446.0,606.0,0.0,1461.0
DFW,11,SkyWest Airlines,338,56.0,6.0,2613.0,32.0,992.0,0.0,2124.0
DFW,12,SkyWest Airlines,307,76.0,8.0,2515.0,13.0,1418.0,0.0,3260.0
DFW,1,United Airlines,291,30.0,9.0,498.0,7.0,609.0,0.0,712.0
DFW,2,United Airlines,272,54.0,14.0,1386.0,740.0,1217.0,0.0,960.0
DFW,3,United Airlines,310,58.0,1.0,440.0,563.0,1201.0,0.0,1207.0
DFW,4,United Airlines,211,50.0,1.0,1253.0,58.0,544.0,0.0,2151.0
DFW,5,United Airlines,343,101.0,4.0,1912.0,813.0,2074.0,0.0,4243.0
DFW,6,United Airlines,433,108.0,11.0,2293.0,155.0,2042.0,0.0,4748.0
DFW,7,United Airlines,416,116.0,5.0,2015.0,13.0,1992.0,0.0,3860.0
DFW,8,United Airlines,343,50.0,1.0,1184.0,10.0,746.0,0.0,1502.0
DFW,9,United Airlines,264,20.0,0.0,581.0,0.0,578.0,0.0,802.0
DFW,10,United Airlines,329,50.0,1.0,805.0,473.0,1439.0,0.0,1155.0
DFW,11,United Airlines,304,51.0,1.0,969.0,96.0,1349.0,0.0,1209.0
DFW,12,United Airlines,318,64.0,9.0,1762.0,196.0,1600.0,0.0,2153.0
DFW,1,US Airways,525,64.0,15.0,1343.0,2.0,968.0,0.0,1137.0
DFW,2,US Airways,466,63.0,22.0,1427.0,422.0,1967.0,0.0,1130.0
DFW,3,US Airways,526,63.0,19.0,1297.0,96.0,1324.0,0.0,590.0
DFW,4,US Airways,497,72.0,3.0,1632.0,76.0,1218.0,0.0,1086.0
DFW,5,US Airways,516,69.0,2.0,802.0,1315.0,1308.0,0.0,1604.0
DFW,6,US Airways,552,93.0,3.0,1416.0,176.0,1222.0,0.0,2740.0
IAH,1,American Airlines,446,67.0,3.0,2256.0,0.0,569.0,0.0,2088.0
IAH,2,American Airlines,394,45.0,19.0,800.0,248.0,612.0,0.0,1425.0
IAH,3,American Airlines,424,61.0,12.0,974.0,0.0,558.0,0.0,2263.0
IAH,4,American Airlines,411,49.0,6.0,1116.0,398.0,1385.0,0.0,1373.0
IAH,5,American Airlines,425,81.0,15.0,1862.0,1141.0,1478.0,0.0,4030.0
IAH,6,American Airlines,393,72.0,13.0,1514.0,491.0,869.0,0.0,1967.0
IAH,7,American Airlines,878,121.0,11.0,3149.0,103.0,1548.0,0.0,4007.0
IAH,8,American Airlines,859,130.0,16.0,3290.0,177.0,1341.0,34.0,4353.0
IAH,9,American Airlines,757,85.0,5.0,2214.0,0.0,1039.0,0.0,1771.0
IAH,10,American Airlines,820,112.0,5.0,2594.0,522.0,1383.0,0.0,2795.0
IAH,11,American Airlines,772,101.0,2.0,3418.0,482.0,2143.0,0.0,4095.0
IAH,12,American Airlines,742,85.0,12.0,3210.0,0.0,1963.0,117.0,2845.0
IAH,1,Alaska Airlines,31,5.0,0.0,23.0,3.0,35.0,0.0,220.0
IAH,2,Alaska Airlines,28,1.0,0.0,41.0,0.0,15.0,0.0,0.0
IAH,3,Alaska Airlines,31,11.0,0.0,48.0,0.0,48.0,0.0,182.0
IAH,4,Alaska Airlines,30,4.0,1.0,0.0,4.0,7.0,0.0,42.0
IAH,5,Alaska Airlines,31,8.0,0.0,0.0,120.0,81.0,0.0,139.0
IAH,6,Alaska Airlines,30,6.0,0.0,334.0,0.0,66.0,0.0,66.0
IAH,7,Alaska Airlines,53,2.0,0.0,0,0,0,0,0
IAH,8,Alaska Airlines,52,8.0,0.0,88.0,121.0,147.0,0.0,49.0
IAH,9,Alaska Airlines,34,1.0,0.0,0.0,0.0,28.0,0.0,0.0
IAH,10,Alaska Airlines,31,1.0,0.0,0,0,0,0,0
IAH,11,Alaska Airlines,30,2.0,0.0,0.0,0.0,15.0,0.0,265.0
IAH,12,Alaska Airlines,31,4.0,1.0,55.0,0.0,33.0,0.0,81.0
IAH,1,Delta Air Lines,224,31.0,0.0,338.0,0.0,494.0,0.0,431.0
IAH,2,Delta Air Lines,200,35.0,1.0,563.0,0.0,661.0,0.0,503.0
IAH,3,Delta Air Lines,253,34.0,0.0,489.0,0.0,48.0,0.0,914.0
IAH,4,Delta Air Lines,285,44.0,0.0,902.0,55.0,1278.0,0.0,799.0
IAH,5,Delta Air Lines,267,66.0,1.0,2180.0,232.0,1333.0,0.0,1652.0
IAH,6,Delta Air Lines,357,80.0,1.0,1097.0,93.0,1668.0,0.0,2846.0
IAH,7,Delta Air Lines,343,41.0,1.0,591.0,0.0,734.0,0.0,1194.0
IAH,8,Delta Air Lines,346,51.0,0.0,1520.0,58.0,1243.0,0.0,1137.0
IAH,9,Delta Air Lines,208,20.0,0.0,151.0,0.0,365.0,0.0,211.0
IAH,10,Delta Air Lines,221,20.0,0.0,176.0,0.0,104.0,0.0,366.0
IAH,11,Delta Air Lines,222,20.0,0.0,174.0,3.0,118.0,0.0,972.0
IAH,12,Delta Air Lines,222,55.0,0.0,2125.0,0.0,1129.0,0.0,2060.0
IAH,1,ExpressJet Airlines,5780,804.0,42.0,17145.0,357.0,15213.0,0.0,15661.0
IAH,2,ExpressJet Airlines,5273,563.0,111.0,9109.0,182.0,12349.0,0.0,8972.0
IAH,3,ExpressJet Airlines,6163,948.0,118.0,18327.0,1113.0,14288.0,0.0,14877.0
IAH,4,ExpressJet Airlines,5805,786.0,118.0,14547.0,3195.0,14120.0,0.0,12493.0
IAH,5,ExpressJet Airlines,5972,1178.0,206.0,20581.0,6981.0,27546.0,0.0,34766.0
IAH,6,ExpressJet Airlines,5605,1128.0,158.0,25507.0,4445.0,18414.0,0.0,30030.0
IAH,7,ExpressJet Airlines,5467,602.0,38.0,12133.0,1096.0,8028.0,0.0,9271.0
IAH,8,ExpressJet Airlines,5123,624.0,70.0,12655.0,4336.0,11823.0,0.0,11978.0
IAH,9,ExpressJet Airlines,4637,331.0,13.0,7330.0,131.0,9032.0,0.0,4076.0
IAH,10,ExpressJet Airlines,4730,514.0,47.0,12301.0,1003.0,8610.0,0.0,11550.0
IAH,11,ExpressJet Airlines,4308,415.0,41.0,7702.0,2312.0,7030.0,0.0,8474.0
IAH,12,ExpressJet Airlines,4197,480.0,116.0,8338.0,2982.0,8248.0,0.0,7297.0
IAH,1,Frontier Airlines,116,26.0,1.0,274.0,0.0,670.0,0.0,835.0
IAH,2,Frontier Airlines,104,13.0,0.0,852.0,0.0,424.0,0.0,204.0
IAH,3,Frontier Airlines,112,26.0,0.0,143.0,0.0,441.0,0.0,436.0
IAH,4,Frontier Airlines,113,29.0,1.0,215.0,0.0,961.0,0.0,1894.0
IAH,5,Frontier Airlines,150,36.0,2.0,318.0,37.0,1453.0,0.0,1008.0
IAH,6,Frontier Airlines,142,54.0,2.0,501.0,0.0,2433.0,0.0,1701.0
IAH,7,Frontier Airlines,155,45.0,1.0,1072.0,0.0,679.0,0.0,1525.0
IAH,8,Frontier Airlines,155,28.0,0.0,320.0,0.0,555.0,0.0,1395.0
IAH,9,Frontier Airlines,150,35.0,0.0,307.0,0.0,620.0,0.0,2192.0
IAH,10,Frontier Airlines,149,19.0,0.0,464.0,0.0,470.0,0.0,455.0
IAH,11,Frontier Airlines,164,35.0,0.0,455.0,0.0,786.0,0.0,970.0
IAH,12,Frontier Airlines,168,48.0,0.0,328.0,0.0,1478.0,0.0,2057.0
IAH,12,Envoy Air,27,7.0,2.0,122.0,97.0,27.0,0.0,10.0
IAH,1,Spirit Airlines,360,98.0,1.0,541.0,0.0,3340.0,0.0,1695.0
IAH,2,Spirit Airlines,324,70.0,2.0,554.0,0.0,2107.0,0.0,3034.0
IAH,3,Spirit Airlines,370,69.0,0.0,1013.0,0.0,1794.0,4.0,1792.0
IAH,4,Spirit Airlines,443,133.0,4.0,1422.0,296.0,3693.0,69.0,2738.0
IAH,5,Spirit Airlines,520,272.0,15.0,5981.0,1051.0,8534.0,97.0,6630.0
IAH,6,Spirit Airlines,511,294.0,30.0,9877.0,568.0,9795.0,62.0,6459.0
IAH,7,Spirit Airlines,527,187.0,7.0,3972.0,30.0,5253.0,67.0,3179.0
IAH,8,Spirit Airlines,527,218.0,15.0,4127.0,376.0,6978.0,0.0,5214.0
IAH,9,Spirit Airlines,540,136.0,4.0,3430.0,0.0,2621.0,0.0,3687.0
IAH,10,Spirit Airlines,572,150.0,3.0,611.0,0.0,7752.0,0.0,967.0
IAH,11,Spirit Airlines,505,171.0,2.0,3198.0,208.0,3855.0,61.0,2076.0
IAH,12,Spirit Airlines,469,139.0,14.0,2356.0,0.0,2224.0,102.0,2815.0
IAH,1,SkyWest Airlines,1147,280.0,7.0,6099.0,51.0,2962.0,0.0,7365.0
IAH,2,SkyWest Airlines,978,182.0,23.0,4278.0,180.0,2639.0,0.0,3828.0
IAH,3,SkyWest Airlines,1302,232.0,7.0,5499.0,0.0,1299.0,93.0,4366.0
IAH,4,SkyWest Airlines,1336,275.0,21.0,6341.0,1032.0,3518.0,87.0,6549.0
IAH,5,SkyWest Airlines,1523,480.0,45.0,10028.0,2692.0,7484.0,142.0,14125.0
IAH,6,SkyWest Airlines,1479,461.0,39.0,12637.0,1305.0,4294.0,596.0,10324.0
IAH,7,SkyWest Airlines,1510,418.0,31.0,11320.0,541.0,2039.0,386.0,6992.0
IAH,8,SkyWest Airlines,1441,379.0,24.0,10806.0,1482.0,2724.0,265.0,6897.0
IAH,9,SkyWest Airlines,1318,199.0,7.0,5548.0,126.0,2208.0,154.0,3243.0
IAH,10,SkyWest Airlines,1629,271.0,15.0,7073.0,627.0,2710.0,135.0,5753.0
IAH,11,SkyWest Airlines,1827,349.0,18.0,7253.0,334.0,3910.0,18.0,8254.0
IAH,12,SkyWest Airlines,1520,347.0,27.0,6300.0,1845.0,3300.0,50.0,8642.0
IAH,1,United Airlines,4855,1273.0,80.0,23343.0,565.0,10881.0,0.0,14370.0
IAH,2,United Airlines,4557,1141.0,72.0,21773.0,107.0,10502.0,0.0,15542.0
IAH,3,United Airlines,4960,1409.0,40.0,23060.0,36.0,11422.0,0.0,18509.0
IAH,4,United Airlines,4707,1419.0,52.0,26121.0,1688.0,17957.0,0.0,24525.0
IAH,5,United Airlines,5113,1852.0,70.0,33830.0,12492.0,26826.0,0.0,41730.0
IAH,6,United Airlines,5228,2072.0,118.0,44176.0,8015.0,21234.0,0.0,54328.0
IAH,7,United Airlines,5096,1786.0,34.0,38036.0,1637.0,12181.0,0.0,38587.0
IAH,8,United Airlines,4916,1355.0,32.0,24127.0,5884.0,15786.0,0.0,27124.0
IAH,9,United Airlines,4523,693.0,7.0,13032.0,409.0,9939.0,0.0,11192.0
IAH,10,United Airlines,5059,890.0,22.0,19163.0,1131.0,8794.0,0.0,17857.0
IAH,11,United Airlines,4879,1053.0,16.0,17909.0,5200.0,13695.0,0.0,22236.0
IAH,12,United Airlines,5151,1453.0,73.0,27210.0,5961.0,16511.0,0.0,31527.0
IAH,1,US Airways,417,52.0,5.0,1299.0,0.0,848.0,0.0,1022.0
IAH,2,US Airways,373,42.0,10.0,868.0,0.0,902.0,0.0,992.0
IAH,3,US Airways,430,48.0,7.0,1041.0,89.0,580.0,0.0,789.0
IAH,4,US Airways,377,51.0,4.0,908.0,35.0,972.0,0.0,1260.0
IAH,5,US Airways,414,59.0,2.0,1555.0,95.0,1865.0,0.0,2146.0
IAH,6,US Airways,454,59.0,5.0,1188.0,245.0,1393.0,0.0,2067.0
LAS,1,American Airlines,888,118.0,7.0,5022.0,0.0,2646.0,16.0,5205.0
LAS,2,American Airlines,788,101.0,31.0,4349.0,235.0,1518.0,0.0,5327.0
LAS,3,American Airlines,888,156.0,19.0,3697.0,6.0,3051.0,0.0,6536.0
LAS,4,American Airlines,792,112.0,5.0,1698.0,207.0,2833.0,0.0,3578.0
LAS,5,American Airlines,826,100.0,8.0,4307.0,156.0,2463.0,35.0,2800.0
LAS,6,American Airlines,798,133.0,7.0,2480.0,349.0,2850.0,26.0,5494.0
LAS,7,American Airlines,1373,207.0,9.0,4812.0,29.0,3777.0,36.0,8524.0
LAS,8,American Airlines,1358,217.0,3.0,7415.0,393.0,3503.0,34.0,6361.0
LAS,9,American Airlines,1245,113.0,3.0,1783.0,0.0,1567.0,38.0,2409.0
LAS,10,American Airlines,1294,136.0,8.0,4118.0,483.0,2684.0,38.0,5202.0
LAS,11,American Airlines,1219,116.0,4.0,1654.0,335.0,2716.0,39.0,3320.0
LAS,12,American Airlines,1184,145.0,10.0,2244.0,17.0,3145.0,31.0,4881.0
LAS,1,Alaska Airlines,383,47.0,0.0,659.0,45.0,304.0,0.0,1485.0
LAS,2,Alaska Airlines,356,34.0,0.0,568.0,89.0,223.0,0.0,1307.0
LAS,3,Alaska Airlines,405,49.0,0.0,1141.0,0.0,207.0,0.0,1999.0
LAS,4,Alaska Airlines,394,34.0,0.0,1550.0,28.0,299.0,205.0,801.0
LAS,5,Alaska Airlines,411,20.0,1.0,339.0,21.0,506.0,0.0,344.0
LAS,6,Alaska Airlines,360,31.0,3.0,1084.0,155.0,327.0,0.0,915.0
LAS,7,Alaska Airlines,363,24.0,1.0,1210.0,16.0,355.0,0.0,558.0
LAS,8,Alaska Airlines,357,57.0,2.0,1026.0,422.0,1546.0,0.0,1360.0
LAS,9,Alaska Airlines,314,24.0,0.0,300.0,0.0,311.0,0.0,646.0
LAS,10,Alaska Airlines,327,38.0,0.0,320.0,0.0,929.0,0.0,1169.0
LAS,11,Alaska Airlines,351,39.0,0.0,64.0,47.0,619.0,0.0,1424.0
LAS,12,Alaska Airlines,379,17.0,0.0,431.0,0.0,298.0,12.0,565.0
LAS,1,JetBlue Airways,325,54.0,9.0,859.0,0.0,863.0,0.0,1733.0
LAS,2,JetBlue Airways,300,82.0,11.0,1998.0,266.0,836.0,10.0,3661.0
LAS,3,JetBlue Airways,337,82.0,3.0,1237.0,52.0,1326.0,0.0,2682.0
LAS,4,JetBlue Airways,326,80.0,1.0,1450.0,105.0,934.0,0.0,1761.0
LAS,5,JetBlue Airways,425,85.0,3.0,853.0,226.0,2030.0,0.0,2194.0
LAS,6,JetBlue Airways,406,85.0,4.0,1609.0,0.0,1768.0,0.0,1933.0
LAS,7,JetBlue Airways,413,118.0,5.0,520.0,196.0,1642.0,0.0,2855.0
LAS,8,JetBlue Airways,411,124.0,3.0,1930.0,146.0,784.0,22.0,3379.0
LAS,9,JetBlue Airways,405,84.0,4.0,915.0,163.0,944.0,0.0,2182.0
LAS,10,JetBlue Airways,419,93.0,2.0,1421.0,143.0,1474.0,0.0,2438.0
LAS,11,JetBlue Airways,353,89.0,0.0,1973.0,0.0,676.0,0.0,2596.0
LAS,12,JetBlue Airways,363,138.0,2.0,3204.0,163.0,1912.0,26.0,4500.0
LAS,1,Delta Air Lines,831,83.0,6.0,2186.0,138.0,1767.0,0.0,1986.0
LAS,2,Delta Air Lines,782,129.0,7.0,2007.0,470.0,1204.0,0.0,3115.0
LAS,3,Delta Air Lines,971,128.0,7.0,2592.0,16.0,2688.0,0.0,2432.0
LAS,4,Delta Air Lines,931,92.0,0.0,1903.0,12.0,1771.0,0.0,2404.0
LAS,5,Delta Air Lines,952,117.0,1.0,4053.0,85.0,2483.0,0.0,2060.0
LAS,6,Delta Air Lines,976,135.0,3.0,6012.0,159.0,2162.0,0.0,1848.0
LAS,7,Delta Air Lines,1086,147.0,0.0,4782.0,37.0,2399.0,0.0,3759.0
LAS,8,Delta Air Lines,1088,147.0,1.0,3158.0,816.0,1595.0,0.0,3215.0
LAS,9,Delta Air Lines,1017,68.0,0.0,967.0,22.0,1232.0,0.0,947.0
LAS,10,Delta Air Lines,1089,93.0,0.0,2474.0,1071.0,1605.0,0.0,3083.0
LAS,11,Delta Air Lines,1012,102.0,0.0,3190.0,48.0,1406.0,0.0,985.0
LAS,12,Delta Air Lines,980,123.0,0.0,4629.0,40.0,1564.0,0.0,2265.0
LAS,1,Frontier Airlines,228,54.0,1.0,1615.0,0.0,1144.0,0.0,2313.0
LAS,2,Frontier Airlines,215,89.0,2.0,1267.0,0.0,2329.0,0.0,2290.0
LAS,3,Frontier Airlines,287,87.0,3.0,1773.0,0.0,2672.0,0.0,3680.0
LAS,4,Frontier Airlines,305,67.0,1.0,533.0,0.0,1858.0,0.0,2705.0
LAS,5,Frontier Airlines,454,137.0,1.0,2901.0,56.0,3858.0,0.0,3340.0
LAS,6,Frontier Airlines,429,155.0,3.0,2456.0,63.0,4561.0,0.0,5153.0
LAS,7,Frontier Airlines,444,144.0,2.0,2777.0,0.0,2982.0,0.0,4468.0
LAS,8,Frontier Airlines,452,85.0,0.0,1013.0,0.0,1826.0,0.0,3066.0
LAS,9,Frontier Airlines,436,51.0,0.0,903.0,0.0,798.0,0.0,1809.0
LAS,10,Frontier Airlines,450,60.0,2.0,1026.0,0.0,1144.0,0.0,1078.0
LAS,11,Frontier Airlines,521,85.0,1.0,1389.0,0.0,2712.0,0.0,2766.0
LAS,12,Frontier Airlines,556,117.0,4.0,2577.0,795.0,3125.0,0.0,4348.0
LAS,1,Hawaiian Airlines,75,8.0,0.0,815.0,4.0,0.0,0.0,108.0
LAS,2,Hawaiian Airlines,68,6.0,0.0,1635.0,0.0,0.0,0.0,127.0
LAS,3,Hawaiian Airlines,75,12.0,0.0,847.0,253.0,0.0,0.0,310.0
LAS,4,Hawaiian Airlines,73,7.0,0.0,1264.0,84.0,0.0,0.0,216.0
LAS,5,Hawaiian Airlines,76,7.0,0.0,586.0,16.0,0.0,0.0,83.0
LAS,6,Hawaiian Airlines,72,6.0,0.0,1280.0,11.0,0.0,0.0,114.0
LAS,7,Hawaiian Airlines,76,6.0,0.0,126.0,0.0,0.0,0.0,87.0
LAS,8,Hawaiian Airlines,75,6.0,0.0,816.0,0.0,0.0,0.0,168.0
LAS,9,Hawaiian Airlines,73,3.0,0.0,284.0,0.0,0.0,0.0,198.0
LAS,10,Hawaiian Airlines,75,8.0,0.0,1605.0,45.0,0.0,0.0,99.0
LAS,11,Hawaiian Airlines,73,7.0,0.0,522.0,0.0,0.0,0.0,204.0
LAS,12,Hawaiian Airlines,75,6.0,0.0,171.0,0.0,0.0,0.0,6.0
LAS,1,Spirit Airlines,739,140.0,5.0,938.0,79.0,5618.0,0.0,1577.0
LAS,2,Spirit Airlines,670,174.0,12.0,2158.0,138.0,3551.0,24.0,5557.0
LAS,3,Spirit Airlines,774,162.0,7.0,2002.0,457.0,3332.0,13.0,7032.0
LAS,4,Spirit Airlines,778,177.0,5.0,1753.0,189.0,3708.0,0.0,3787.0
LAS,5,Spirit Airlines,862,312.0,22.0,4642.0,237.0,6750.0,17.0,9749.0
LAS,6,Spirit Airlines,840,394.0,39.0,4870.0,289.0,9306.0,0.0,16636.0
LAS,7,Spirit Airlines,868,220.0,7.0,2234.0,88.0,4977.0,0.0,6245.0
LAS,8,Spirit Airlines,868,276.0,17.0,3804.0,0.0,9810.0,19.0,6484.0
LAS,9,Spirit Airlines,895,143.0,6.0,1659.0,44.0,3411.0,0.0,2982.0
LAS,10,Spirit Airlines,948,161.0,8.0,267.0,26.0,9432.0,0.0,670.0
LAS,11,Spirit Airlines,866,171.0,5.0,1164.0,284.0,3798.0,0.0,2882.0
LAS,12,Spirit Airlines,877,245.0,8.0,4080.0,480.0,4267.0,0.0,6090.0
LAS,1,SkyWest Airlines,261,56.0,1.0,896.0,39.0,358.0,0.0,2327.0
LAS,2,SkyWest Airlines,262,34.0,3.0,437.0,0.0,845.0,0.0,1359.0
LAS,3,SkyWest Airlines,360,50.0,1.0,1408.0,138.0,944.0,0.0,1709.0
LAS,4,SkyWest Airlines,303,33.0,3.0,485.0,52.0,657.0,0.0,1010.0
LAS,5,SkyWest Airlines,247,32.0,4.0,640.0,196.0,586.0,0.0,1203.0
LAS,6,SkyWest Airlines,175,24.0,4.0,508.0,247.0,170.0,0.0,954.0
LAS,7,SkyWest Airlines,182,27.0,2.0,519.0,58.0,83.0,0.0,865.0
LAS,8,SkyWest Airlines,151,28.0,3.0,298.0,104.0,434.0,0.0,529.0
LAS,9,SkyWest Airlines,139,19.0,1.0,1166.0,21.0,424.0,0.0,822.0
LAS,10,SkyWest Airlines,227,43.0,0.0,840.0,0.0,628.0,0.0,1482.0
LAS,11,SkyWest Airlines,177,27.0,1.0,129.0,44.0,264.0,0.0,760.0
LAS,12,SkyWest Airlines,164,23.0,1.0,810.0,6.0,692.0,0.0,1112.0
LAS,1,United Airlines,1045,166.0,14.0,1947.0,18.0,3851.0,0.0,3440.0
LAS,2,United Airlines,993,209.0,17.0,2227.0,497.0,4069.0,0.0,4937.0
LAS,3,United Airlines,1060,174.0,5.0,3082.0,83.0,1785.0,0.0,5789.0
LAS,4,United Airlines,1074,191.0,6.0,2921.0,112.0,2076.0,0.0,5616.0
LAS,5,United Airlines,1168,240.0,3.0,3389.0,75.0,5141.0,0.0,6751.0
LAS,6,United Airlines,1012,247.0,21.0,5319.0,409.0,3688.0,0.0,7425.0
LAS,7,United Airlines,952,208.0,10.0,2291.0,175.0,2648.0,0.0,6620.0
LAS,8,United Airlines,1047,179.0,9.0,1901.0,322.0,3636.0,0.0,5164.0
LAS,9,United Airlines,1057,116.0,1.0,2043.0,81.0,2098.0,0.0,2667.0
LAS,10,United Airlines,1124,150.0,2.0,2399.0,126.0,3314.0,0.0,5333.0
LAS,11,United Airlines,971,129.0,5.0,1775.0,42.0,2720.0,0.0,2392.0
LAS,12,United Airlines,774,134.0,10.0,3283.0,898.0,4529.0,0.0,3596.0
LAS,1,US Airways,500,36.0,9.0,948.0,0.0,1222.0,0.0,590.0
LAS,2,US Airways,452,54.0,10.0,1736.0,0.0,589.0,0.0,643.0
LAS,3,US Airways,514,49.0,8.0,712.0,173.0,1252.0,30.0,1548.0
LAS,4,US Airways,501,48.0,2.0,1004.0,0.0,749.0,0.0,831.0
LAS,5,US Airways,522,28.0,1.0,1388.0,49.0,1767.0,40.0,114.0
LAS,6,US Airways,535,54.0,3.0,1525.0,0.0,1320.0,23.0,629.0
LAS,1,Virgin America,339,61.0,2.0,674.0,212.0,1170.0,0.0,1640.0
LAS,2,Virgin America,309,74.0,12.0,347.0,122.0,2749.0,0.0,2609.0
LAS,3,Virgin America,346,75.0,6.0,782.0,143.0,1580.0,0.0,1915.0
LAS,4,Virgin America,329,51.0,1.0,533.0,121.0,1279.0,0.0,995.0
LAS,5,Virgin America,336,105.0,0.0,564.0,68.0,3058.0,0.0,1455.0
LAS,6,Virgin America,322,57.0,1.0,1439.0,337.0,830.0,0.0,872.0
LAS,7,Virgin America,330,76.0,2.0,1036.0,55.0,2259.0,0.0,1928.0
LAS,8,Virgin America,396,87.0,4.0,763.0,64.0,2162.0,45.0,2910.0
LAS,9,Virgin America,323,45.0,1.0,740.0,43.0,967.0,0.0,766.0
LAS,10,Virgin America,365,85.0,0.0,336.0,27.0,1683.0,0.0,2834.0
LAS,11,Virgin America,324,64.0,1.0,666.0,44.0,911.0,106.0,1995.0
LAS,12,Virgin America,412,127.0,4.0,1022.0,57.0,3727.0,0.0,4914.0
LAS,1,Southwest Airlines,5990,1396.0,33.0,18540.0,1150.0,5457.0,0.0,32236.0
LAS,2,Southwest Airlines,5375,1282.0,68.0,16970.0,2085.0,5471.0,12.0,26897.0
LAS,3,Southwest Airlines,6380,1564.0,47.0,24241.0,277.0,5733.0,68.0,33043.0
LAS,4,Southwest Airlines,6297,1517.0,23.0,21673.0,880.0,5301.0,23.0,29757.0
LAS,5,Southwest Airlines,6465,1714.0,31.0,28263.0,1489.0,10989.0,0.0,34086.0
LAS,6,Southwest Airlines,6437,2087.0,37.0,42627.0,1483.0,7580.0,10.0,45461.0
LAS,7,Southwest Airlines,6600,2210.0,27.0,38909.0,2114.0,9173.0,0.0,51834.0
LAS,8,Southwest Airlines,6495,1664.0,52.0,33816.0,4626.0,9963.0,0.0,38154.0
LAS,9,Southwest Airlines,6125,858.0,17.0,12098.0,628.0,3851.0,42.0,14136.0
LAS,10,Southwest Airlines,6370,991.0,6.0,13584.0,430.0,9221.0,0.0,23204.0
LAS,11,Southwest Airlines,6038,1336.0,27.0,19684.0,982.0,6680.0,0.0,22979.0
LAS,12,Southwest Airlines,6318,1878.0,48.0,26851.0,1293.0,8139.0,52.0,37235.0
LAX,1,American Airlines,2632,301.0,41.0,6231.0,265.0,8221.0,108.0,7610.0
LAX,2,American Airlines,2385,312.0,74.0,6503.0,903.0,7027.0,15.0,8621.0
LAX,3,American Airlines,2815,478.0,45.0,12742.0,191.0,10916.0,35.0,11802.0
LAX,4,American Airlines,2683,364.0,13.0,7426.0,1218.0,6130.0,31.0,6475.0
LAX,5,American Airlines,2711,388.0,14.0,9598.0,154.0,7970.0,12.0,9533.0
LAX,6,American Airlines,2708,433.0,29.0,9798.0,412.0,8393.0,156.0,13958.0
LAX,7,American Airlines,3559,621.0,24.0,12072.0,538.0,7955.0,87.0,14760.0
LAX,8,American Airlines,3520,585.0,22.0,13976.0,61.0,6030.0,93.0,12574.0
LAX,9,American Airlines,3190,338.0,11.0,8695.0,344.0,4598.0,0.0,4363.0
LAX,10,American Airlines,3293,353.0,14.0,8780.0,50.0,6216.0,125.0,6145.0
LAX,11,American Airlines,3154,367.0,12.0,8188.0,1439.0,4200.0,61.0,4628.0
LAX,12,American Airlines,3381,613.0,38.0,15754.0,406.0,7351.0,167.0,11770.0
LAX,1,Alaska Airlines,592,46.0,1.0,512.0,0.0,942.0,0.0,1814.0
LAX,2,Alaska Airlines,557,56.0,0.0,801.0,0.0,1113.0,0.0,1702.0
LAX,3,Alaska Airlines,668,88.0,1.0,1401.0,53.0,701.0,0.0,2000.0
LAX,4,Alaska Airlines,664,52.0,1.0,1076.0,0.0,381.0,0.0,1292.0
LAX,5,Alaska Airlines,717,34.0,0.0,504.0,11.0,386.0,16.0,484.0
LAX,6,Alaska Airlines,757,50.0,4.0,856.0,18.0,440.0,0.0,1408.0
LAX,7,Alaska Airlines,808,101.0,4.0,962.0,0.0,1195.0,11.0,4480.0
LAX,8,Alaska Airlines,794,128.0,1.0,1155.0,0.0,2122.0,0.0,3373.0
LAX,9,Alaska Airlines,895,71.0,4.0,1168.0,0.0,1233.0,0.0,1407.0
LAX,10,Alaska Airlines,915,43.0,2.0,613.0,15.0,1276.0,69.0,592.0
LAX,11,Alaska Airlines,807,74.0,2.0,672.0,0.0,1342.0,38.0,1365.0
LAX,12,Alaska Airlines,812,68.0,5.0,1785.0,0.0,1827.0,0.0,1899.0
LAX,1,JetBlue Airways,357,63.0,17.0,1297.0,181.0,1449.0,0.0,891.0
LAX,2,JetBlue Airways,320,86.0,10.0,1464.0,0.0,1390.0,0.0,2009.0
LAX,3,JetBlue Airways,360,94.0,1.0,786.0,0.0,3512.0,13.0,2074.0
LAX,4,JetBlue Airways,352,74.0,0.0,1155.0,39.0,1764.0,0.0,1041.0
LAX,5,JetBlue Airways,396,74.0,0.0,854.0,279.0,2042.0,0.0,950.0
LAX,6,JetBlue Airways,384,92.0,0.0,1344.0,0.0,1752.0,12.0,1229.0
LAX,7,JetBlue Airways,399,93.0,1.0,1440.0,0.0,1737.0,0.0,1815.0
LAX,8,JetBlue Airways,398,95.0,1.0,2925.0,0.0,830.0,0.0,2590.0
LAX,9,JetBlue Airways,365,50.0,2.0,988.0,0.0,808.0,0.0,965.0
LAX,10,JetBlue Airways,381,58.0,2.0,865.0,0.0,1471.0,0.0,672.0
LAX,11,JetBlue Airways,392,79.0,1.0,1129.0,0.0,1587.0,449.0,1774.0
LAX,12,JetBlue Airways,385,107.0,0.0,2104.0,0.0,1330.0,32.0,2181.0
LAX,1,Delta Air Lines,1805,223.0,13.0,4592.0,154.0,2867.0,0.0,2624.0
LAX,2,Delta Air Lines,1630,316.0,12.0,6004.0,235.0,3934.0,0.0,6499.0
LAX,3,Delta Air Lines,2093,513.0,6.0,9059.0,886.0,7809.0,0.0,9025.0
LAX,4,Delta Air Lines,1991,306.0,2.0,9777.0,47.0,3388.0,0.0,4781.0
LAX,5,Delta Air Lines,2124,361.0,0.0,11701.0,45.0,2586.0,41.0,4761.0
LAX,6,Delta Air Lines,2481,559.0,8.0,12982.0,147.0,5320.0,0.0,12860.0
LAX,7,Delta Air Lines,2661,630.0,2.0,9541.0,950.0,5559.0,70.0,13642.0
LAX,8,Delta Air Lines,2719,526.0,3.0,8822.0,0.0,4706.0,0.0,9250.0
LAX,9,Delta Air Lines,2500,349.0,0.0,6765.0,247.0,3463.0,0.0,5192.0
LAX,10,Delta Air Lines,2646,293.0,0.0,9106.0,49.0,3639.0,0.0,4743.0
LAX,11,Delta Air Lines,2631,512.0,1.0,9738.0,57.0,3508.0,0.0,9215.0
LAX,12,Delta Air Lines,2536,750.0,7.0,14125.0,833.0,6486.0,0.0,17985.0
LAX,1,Frontier Airlines,86,12.0,0.0,87.0,0.0,249.0,0.0,730.0
LAX,2,Frontier Airlines,72,19.0,0.0,22.0,0.0,482.0,0.0,414.0
LAX,3,Frontier Airlines,66,21.0,0.0,193.0,0.0,274.0,0.0,616.0
LAX,4,Frontier Airlines,81,15.0,0.0,166.0,0.0,589.0,0.0,247.0
LAX,5,Frontier Airlines,147,32.0,1.0,1389.0,0.0,617.0,0.0,301.0
LAX,6,Frontier Airlines,141,34.0,0.0,370.0,0.0,1343.0,0.0,1018.0
LAX,7,Frontier Airlines,145,39.0,0.0,193.0,0.0,893.0,0.0,756.0
LAX,8,Frontier Airlines,150,36.0,1.0,1204.0,56.0,1204.0,0.0,433.0
LAX,9,Frontier Airlines,146,11.0,1.0,86.0,0.0,150.0,0.0,486.0
LAX,10,Frontier Airlines,147,15.0,0.0,910.0,0.0,329.0,0.0,468.0
LAX,11,Frontier Airlines,162,38.0,2.0,222.0,0.0,974.0,0.0,1257.0
LAX,12,Frontier Airlines,186,50.0,1.0,204.0,315.0,964.0,0.0,1689.0
LAX,1,Hawaiian Airlines,130,11.0,1.0,940.0,0.0,0.0,0.0,48.0
LAX,2,Hawaiian Airlines,112,9.0,0.0,1388.0,0.0,0.0,17.0,0.0
LAX,3,Hawaiian Airlines,124,5.0,0.0,1098.0,329.0,71.0,0.0,0.0
LAX,4,Hawaiian Airlines,120,7.0,0.0,1021.0,81.0,16.0,0.0,9.0
LAX,5,Hawaiian Airlines,135,11.0,1.0,1750.0,6.0,12.0,0.0,29.0
LAX,6,Hawaiian Airlines,167,8.0,0.0,1224.0,0.0,42.0,22.0,6.0
LAX,7,Hawaiian Airlines,186,15.0,1.0,798.0,0.0,4.0,0.0,156.0
LAX,8,Hawaiian Airlines,184,19.0,1.0,2205.0,0.0,75.0,0.0,48.0
LAX,9,Hawaiian Airlines,133,12.0,1.0,388.0,0.0,0.0,0.0,0.0
LAX,10,Hawaiian Airlines,124,17.0,1.0,825.0,0.0,201.0,0.0,247.0
LAX,11,Hawaiian Airlines,120,7.0,0.0,656.0,0.0,0.0,0.0,0.0
LAX,12,Hawaiian Airlines,144,19.0,0.0,1767.0,0.0,0.0,0.0,0.0
LAX,1,Envoy Air,31,5.0,2.0,563.0,0.0,102.0,0.0,0.0
LAX,2,Envoy Air,28,4.0,2.0,28.0,0.0,177.0,0.0,0.0
LAX,3,Envoy Air,31,4.0,2.0,211.0,0.0,88.0,0.0,0.0
LAX,4,Envoy Air,6,0.0,1.0,0,0,0,0,0
LAX,6,Envoy Air,27,6.0,2.0,191.0,0.0,141.0,0.0,244.0
LAX,7,Envoy Air,31,9.0,0.0,45.0,0.0,117.0,0.0,323.0
LAX,8,Envoy Air,17,2.0,2.0,73.0,0.0,63.0,0.0,0.0
LAX,12,Envoy Air,13,6.0,2.0,851.0,0.0,104.0,0.0,0.0
LAX,1,Spirit Airlines,274,77.0,1.0,1215.0,0.0,3293.0,0.0,771.0
LAX,2,Spirit Airlines,252,85.0,5.0,1140.0,0.0,2338.0,24.0,2976.0
LAX,3,Spirit Airlines,279,80.0,2.0,1145.0,13.0,2375.0,17.0,2932.0
LAX,4,Spirit Airlines,315,86.0,1.0,1197.0,179.0,2222.0,0.0,2246.0
LAX,5,Spirit Airlines,396,157.0,3.0,2137.0,0.0,4609.0,41.0,5324.0
LAX,6,Spirit Airlines,390,203.0,20.0,5428.0,0.0,5085.0,2.0,9987.0
LAX,7,Spirit Airlines,449,156.0,8.0,2136.0,21.0,3319.0,38.0,3706.0
LAX,8,Spirit Airlines,477,196.0,5.0,3234.0,0.0,8350.0,6.0,4111.0
LAX,9,Spirit Airlines,474,108.0,2.0,1869.0,0.0,2549.0,74.0,2362.0
LAX,10,Spirit Airlines,488,92.0,2.0,190.0,0.0,6077.0,0.0,345.0
LAX,11,Spirit Airlines,495,140.0,3.0,1839.0,3.0,2722.0,22.0,2274.0
LAX,12,Spirit Airlines,543,181.0,5.0,2563.0,33.0,2762.0,7.0,3979.0
LAX,1,SkyWest Airlines,4184,730.0,40.0,14346.0,3055.0,6821.0,144.0,19806.0
LAX,2,SkyWest Airlines,3880,692.0,60.0,12871.0,1172.0,4710.0,203.0,22516.0
LAX,3,SkyWest Airlines,4075,810.0,28.0,13625.0,108.0,5456.0,82.0,22849.0
LAX,4,SkyWest Airlines,3768,612.0,28.0,11766.0,120.0,3469.0,2.0,16232.0
LAX,5,SkyWest Airlines,3551,564.0,26.0,10061.0,143.0,3417.0,173.0,13645.0
LAX,6,SkyWest Airlines,3345,735.0,53.0,16690.0,554.0,3650.0,34.0,19408.0
LAX,7,SkyWest Airlines,3461,1045.0,80.0,20217.0,342.0,5621.0,43.0,38632.0
LAX,8,SkyWest Airlines,3490,878.0,71.0,14312.0,185.0,4832.0,132.0,23983.0
LAX,9,SkyWest Airlines,2977,549.0,12.0,9705.0,76.0,3077.0,73.0,15762.0
LAX,10,SkyWest Airlines,2534,352.0,10.0,7150.0,541.0,2326.0,0.0,7786.0
LAX,11,SkyWest Airlines,1949,236.0,8.0,4833.0,153.0,2847.0,0.0,5353.0
LAX,12,SkyWest Airlines,2011,494.0,49.0,10720.0,557.0,3397.0,43.0,14229.0
LAX,1,United Airlines,2372,491.0,47.0,11026.0,0.0,6700.0,0.0,9948.0
LAX,2,United Airlines,2138,406.0,42.0,7785.0,343.0,4877.0,0.0,8305.0
LAX,3,United Airlines,2478,578.0,29.0,12921.0,219.0,8007.0,0.0,9672.0
LAX,4,United Airlines,2407,503.0,19.0,9498.0,172.0,4530.0,0.0,10286.0
LAX,5,United Airlines,2625,560.0,14.0,9055.0,0.0,6173.0,0.0,11422.0
LAX,6,United Airlines,2758,907.0,39.0,15238.0,73.0,8974.0,0.0,24024.0
LAX,7,United Airlines,2863,930.0,31.0,16955.0,320.0,6024.0,0.0,28342.0
LAX,8,United Airlines,2774,688.0,23.0,12278.0,107.0,4773.0,0.0,12595.0
LAX,9,United Airlines,2436,359.0,4.0,7910.0,0.0,2892.0,117.0,9054.0
LAX,10,United Airlines,2562,339.0,8.0,8589.0,281.0,2951.0,0.0,6477.0
LAX,11,United Airlines,2220,288.0,17.0,5931.0,0.0,3277.0,0.0,7535.0
LAX,12,United Airlines,2358,488.0,33.0,8996.0,9.0,4551.0,0.0,15432.0
LAX,1,US Airways,575,51.0,12.0,1191.0,0.0,3042.0,22.0,881.0
LAX,2,US Airways,523,78.0,7.0,1534.0,280.0,1365.0,11.0,2065.0
LAX,3,US Airways,625,118.0,3.0,2372.0,0.0,3196.0,0.0,2124.0
LAX,4,US Airways,605,87.0,0.0,1422.0,0.0,845.0,0.0,1292.0
LAX,5,US Airways,641,43.0,0.0,1184.0,0.0,1054.0,0.0,700.0
LAX,6,US Airways,719,98.0,5.0,3172.0,0.0,1858.0,32.0,1463.0
LAX,1,Virgin America,1013,143.0,13.0,1958.0,1148.0,4975.0,0.0,1523.0
LAX,2,Virgin America,906,140.0,22.0,1875.0,659.0,5046.0,0.0,2263.0
LAX,3,Virgin America,1050,194.0,9.0,2777.0,574.0,5857.0,0.0,4245.0
LAX,4,Virgin America,1060,140.0,4.0,1051.0,754.0,3900.0,0.0,2273.0
LAX,5,Virgin America,1091,208.0,0.0,1934.0,520.0,6848.0,0.0,2343.0
LAX,6,Virgin America,1080,170.0,4.0,1325.0,540.0,5147.0,35.0,3570.0
LAX,7,Virgin America,1103,281.0,3.0,2446.0,775.0,5593.0,131.0,6608.0
LAX,8,Virgin America,1188,265.0,6.0,3704.0,371.0,3974.0,5.0,6058.0
LAX,9,Virgin America,1071,142.0,2.0,2041.0,330.0,2776.0,2.0,1639.0
LAX,10,Virgin America,1141,183.0,0.0,3003.0,439.0,3995.0,79.0,3456.0
LAX,11,Virgin America,1099,178.0,5.0,2302.0,290.0,2029.0,0.0,2727.0
LAX,12,Virgin America,1140,326.0,8.0,2405.0,274.0,8944.0,117.0,6936.0
LAX,1,Southwest Airlines,3289,818.0,63.0,11533.0,823.0,4996.0,0.0,18420.0
LAX,2,Southwest Airlines,2959,852.0,93.0,11816.0,772.0,3549.0,0.0,17536.0
LAX,3,Southwest Airlines,3350,1025.0,57.0,12404.0,221.0,5003.0,50.0,28660.0
LAX,4,Southwest Airlines,3356,964.0,34.0,11862.0,358.0,2590.0,0.0,23351.0
LAX,5,Southwest Airlines,3443,1127.0,38.0,12184.0,606.0,5671.0,27.0,27581.0
LAX,6,Southwest Airlines,3576,1223.0,116.0,15530.0,1238.0,4832.0,16.0,33882.0
LAX,7,Southwest Airlines,3706,1374.0,129.0,14728.0,969.0,9035.0,0.0,52722.0
LAX,8,Southwest Airlines,3554,939.0,108.0,11848.0,956.0,6142.0,0.0,28733.0
LAX,9,Southwest Airlines,3312,597.0,65.0,6093.0,66.0,3418.0,0.0,14482.0
LAX,10,Southwest Airlines,3497,542.0,36.0,5766.0,600.0,4555.0,0.0,14000.0
LAX,11,Southwest Airlines,3430,930.0,45.0,8425.0,236.0,3288.0,4.0,19986.0
LAX,12,Southwest Airlines,3536,1326.0,48.0,14940.0,564.0,7152.0,0.0,36378.0
MSP,1,American Airlines,353,76.0,4.0,3919.0,6.0,1108.0,0.0,3406.0
MSP,2,American Airlines,327,65.0,15.0,1576.0,138.0,1144.0,0.0,1741.0
MSP,3,American Airlines,392,72.0,15.0,1985.0,130.0,663.0,0.0,2540.0
MSP,4,American Airlines,344,50.0,5.0,866.0,41.0,1083.0,0.0,1874.0
MSP,5,American Airlines,353,48.0,7.0,908.0,134.0,1072.0,0.0,1239.0
MSP,6,American Airlines,325,60.0,6.0,583.0,0.0,1375.0,0.0,1849.0
MSP,7,American Airlines,711,107.0,8.0,1500.0,632.0,1221.0,0.0,2656.0
MSP,8,American Airlines,690,90.0,4.0,2518.0,153.0,1432.0,8.0,2026.0
MSP,9,American Airlines,672,66.0,3.0,1369.0,46.0,1112.0,0.0,1430.0
MSP,10,American Airlines,675,72.0,7.0,1727.0,211.0,1010.0,0.0,1324.0
MSP,11,American Airlines,694,85.0,7.0,1761.0,297.0,2172.0,0.0,3478.0
MSP,12,American Airlines,626,87.0,12.0,4686.0,46.0,2642.0,56.0,2308.0
MSP,1,Alaska Airlines,35,6.0,0.0,0.0,0.0,49.0,0.0,179.0
MSP,2,Alaska Airlines,28,1.0,0.0,0.0,0.0,65.0,0.0,0.0
MSP,3,Alaska Airlines,54,4.0,0.0,192.0,0.0,139.0,0.0,19.0
MSP,4,Alaska Airlines,60,10.0,1.0,161.0,17.0,76.0,0.0,232.0
MSP,5,Alaska Airlines,62,5.0,0.0,135.0,0.0,114.0,0.0,0.0
MSP,6,Alaska Airlines,60,7.0,0.0,178.0,0.0,194.0,0.0,127.0
MSP,7,Alaska Airlines,62,8.0,0.0,44.0,0.0,132.0,0.0,30.0
MSP,8,Alaska Airlines,62,4.0,0.0,81.0,0.0,103.0,13.0,8.0
MSP,9,Alaska Airlines,60,5.0,0.0,102.0,26.0,279.0,0.0,157.0
MSP,10,Alaska Airlines,62,8.0,0.0,89.0,0.0,120.0,0.0,133.0
MSP,11,Alaska Airlines,58,7.0,1.0,30.0,0.0,104.0,0.0,126.0
MSP,12,Alaska Airlines,46,8.0,0.0,62.0,0.0,142.0,12.0,105.0
MSP,1,Delta Air Lines,4174,586.0,23.0,13102.0,951.0,9474.0,0.0,4458.0
MSP,2,Delta Air Lines,3950,707.0,41.0,15486.0,3046.0,10960.0,0.0,8305.0
MSP,3,Delta Air Lines,4876,667.0,17.0,15946.0,653.0,9988.0,0.0,7029.0
MSP,4,Delta Air Lines,4949,524.0,1.0,12116.0,3175.0,11265.0,0.0,5173.0
MSP,5,Delta Air Lines,5234,587.0,0.0,12203.0,1030.0,10966.0,0.0,6394.0
MSP,6,Delta Air Lines,5806,946.0,2.0,16506.0,1261.0,16052.0,30.0,12583.0
MSP,7,Delta Air Lines,6140,885.0,2.0,22300.0,1760.0,12705.0,256.0,8989.0
MSP,8,Delta Air Lines,6061,733.0,4.0,18052.0,1599.0,12776.0,0.0,7466.0
MSP,9,Delta Air Lines,5258,531.0,0.0,12213.0,906.0,8679.0,0.0,4736.0
MSP,10,Delta Air Lines,5491,474.0,2.0,12160.0,134.0,4905.0,0.0,3542.0
MSP,11,Delta Air Lines,4770,542.0,0.0,13437.0,2054.0,10155.0,42.0,5374.0
MSP,12,Delta Air Lines,4711,707.0,6.0,15021.0,3438.0,15731.0,0.0,9361.0
MSP,1,ExpressJet Airlines,806,180.0,31.0,5389.0,72.0,2493.0,0.0,4850.0
MSP,2,ExpressJet Airlines,652,174.0,28.0,5241.0,129.0,2126.0,0.0,5515.0
MSP,3,ExpressJet Airlines,811,151.0,33.0,4563.0,0.0,1521.0,0.0,4306.0
MSP,4,ExpressJet Airlines,825,142.0,11.0,3302.0,0.0,1627.0,0.0,3240.0
MSP,5,ExpressJet Airlines,771,162.0,9.0,4139.0,49.0,1576.0,0.0,4861.0
MSP,6,ExpressJet Airlines,628,167.0,19.0,3530.0,44.0,1622.0,0.0,5740.0
MSP,7,ExpressJet Airlines,617,128.0,8.0,3190.0,0.0,831.0,0.0,3646.0
MSP,8,ExpressJet Airlines,610,126.0,10.0,3680.0,0.0,890.0,0.0,3243.0
MSP,9,ExpressJet Airlines,370,67.0,3.0,3853.0,0.0,405.0,0.0,1211.0
MSP,10,ExpressJet Airlines,352,73.0,2.0,1521.0,0.0,344.0,0.0,1557.0
MSP,11,ExpressJet Airlines,265,51.0,4.0,1307.0,0.0,535.0,0.0,1435.0
MSP,12,ExpressJet Airlines,485,119.0,12.0,4950.0,0.0,1093.0,0.0,3673.0
MSP,1,Frontier Airlines,72,20.0,1.0,388.0,0.0,541.0,0.0,716.0
MSP,2,Frontier Airlines,56,12.0,0.0,80.0,30.0,338.0,0.0,543.0
MSP,3,Frontier Airlines,91,11.0,0.0,1124.0,0.0,517.0,0.0,412.0
MSP,4,Frontier Airlines,95,11.0,0.0,233.0,0.0,386.0,0.0,310.0
MSP,5,Frontier Airlines,204,43.0,0.0,1218.0,0.0,1651.0,0.0,1023.0
MSP,6,Frontier Airlines,197,65.0,2.0,669.0,17.0,2444.0,0.0,2667.0
MSP,7,Frontier Airlines,204,59.0,3.0,957.0,10.0,2110.0,0.0,1922.0
MSP,8,Frontier Airlines,196,43.0,0.0,728.0,6.0,1678.0,0.0,1356.0
MSP,9,Frontier Airlines,182,14.0,2.0,78.0,0.0,396.0,0.0,235.0
MSP,10,Frontier Airlines,188,31.0,0.0,668.0,0.0,581.0,0.0,771.0
MSP,11,Frontier Airlines,110,19.0,0.0,98.0,2.0,636.0,0.0,360.0
MSP,12,Frontier Airlines,106,30.0,1.0,297.0,64.0,1060.0,0.0,1005.0
MSP,1,Envoy Air,62,22.0,8.0,273.0,15.0,671.0,27.0,1206.0
MSP,2,Envoy Air,55,23.0,7.0,451.0,26.0,679.0,0.0,565.0
MSP,3,Envoy Air,8,2.0,2.0,0.0,0.0,20.0,0.0,119.0
MSP,5,Envoy Air,21,8.0,1.0,28.0,0.0,119.0,0.0,306.0
MSP,6,Envoy Air,3,3.0,1.0,5.0,0.0,0.0,0.0,33.0
MSP,10,Envoy Air,3,0.0,0.0,0,0,0,0,0
MSP,11,Envoy Air,5,1.0,0.0,45.0,0.0,0.0,0.0,92.0
MSP,12,Envoy Air,33,8.0,1.0,30.0,0.0,57.0,0.0,201.0
MSP,1,Spirit Airlines,341,123.0,1.0,1076.0,0.0,4990.0,0.0,2008.0
MSP,2,Spirit Airlines,308,110.0,4.0,1854.0,124.0,2780.0,0.0,3445.0
MSP,3,Spirit Airlines,339,97.0,2.0,1515.0,46.0,1855.0,21.0,2441.0
MSP,4,Spirit Airlines,315,65.0,4.0,715.0,73.0,2175.0,9.0,1541.0
MSP,5,Spirit Airlines,310,116.0,13.0,1472.0,21.0,3933.0,0.0,5193.0
MSP,6,Spirit Airlines,300,149.0,30.0,1833.0,153.0,6426.0,13.0,4369.0
MSP,7,Spirit Airlines,310,123.0,8.0,1016.0,140.0,4088.0,51.0,2857.0
MSP,8,Spirit Airlines,310,141.0,13.0,1616.0,20.0,5308.0,0.0,3853.0
MSP,9,Spirit Airlines,303,67.0,4.0,329.0,67.0,2663.0,0.0,1848.0
MSP,10,Spirit Airlines,316,56.0,0.0,131.0,0.0,2882.0,0.0,272.0
MSP,11,Spirit Airlines,318,66.0,3.0,456.0,146.0,2722.0,0.0,1388.0
MSP,12,Spirit Airlines,341,73.0,4.0,1008.0,45.0,3231.0,27.0,1241.0
MSP,1,SkyWest Airlines,1891,326.0,23.0,10266.0,561.0,5034.0,0.0,8891.0
MSP,2,SkyWest Airlines,1773,296.0,29.0,6065.0,818.0,4335.0,0.0,7688.0
MSP,3,SkyWest Airlines,2081,245.0,14.0,5468.0,610.0,3161.0,0.0,5700.0
MSP,4,SkyWest Airlines,2218,192.0,10.0,3489.0,343.0,2279.0,0.0,3293.0
MSP,5,SkyWest Airlines,2210,196.0,9.0,4440.0,601.0,2038.0,0.0,4180.0
MSP,6,SkyWest Airlines,2608,385.0,27.0,10097.0,607.0,4244.0,0.0,9433.0
MSP,7,SkyWest Airlines,2644,320.0,8.0,5502.0,868.0,2471.0,0.0,7723.0
MSP,8,SkyWest Airlines,2590,271.0,14.0,5565.0,514.0,2918.0,0.0,5282.0
MSP,9,SkyWest Airlines,2270,258.0,7.0,7400.0,734.0,3255.0,0.0,5906.0
MSP,10,SkyWest Airlines,2430,239.0,3.0,7038.0,217.0,1736.0,0.0,5450.0
MSP,11,SkyWest Airlines,2698,399.0,16.0,8724.0,983.0,6357.0,0.0,8988.0
MSP,12,SkyWest Airlines,2530,416.0,26.0,8076.0,897.0,7965.0,19.0,10436.0
MSP,1,United Airlines,160,26.0,3.0,247.0,53.0,499.0,0.0,578.0
MSP,2,United Airlines,159,30.0,3.0,409.0,30.0,760.0,0.0,521.0
MSP,3,United Airlines,263,46.0,0.0,424.0,0.0,1074.0,0.0,1355.0
MSP,4,United Airlines,264,48.0,1.0,1202.0,29.0,764.0,0.0,1416.0
MSP,5,United Airlines,347,97.0,2.0,1132.0,210.0,1591.0,0.0,2436.0
MSP,6,United Airlines,377,121.0,11.0,2371.0,96.0,3569.0,0.0,4068.0
MSP,7,United Airlines,386,93.0,11.0,1524.0,91.0,1629.0,0.0,2454.0
MSP,8,United Airlines,378,59.0,2.0,1157.0,11.0,1418.0,26.0,1796.0
MSP,9,United Airlines,332,56.0,2.0,455.0,147.0,1053.0,0.0,1716.0
MSP,10,United Airlines,348,31.0,1.0,609.0,0.0,251.0,0.0,747.0
MSP,11,United Airlines,291,36.0,5.0,651.0,66.0,2433.0,0.0,413.0
MSP,12,United Airlines,251,54.0,6.0,1148.0,0.0,1488.0,0.0,1316.0
MSP,1,US Airways,365,49.0,9.0,998.0,43.0,999.0,0.0,1005.0
MSP,2,US Airways,331,43.0,7.0,1034.0,166.0,853.0,0.0,969.0
MSP,3,US Airways,360,53.0,7.0,489.0,0.0,1041.0,0.0,691.0
MSP,4,US Airways,320,39.0,1.0,623.0,3.0,662.0,0.0,528.0
MSP,5,US Airways,347,34.0,1.0,708.0,15.0,1077.0,0.0,800.0
MSP,6,US Airways,363,56.0,3.0,552.0,1.0,1051.0,0.0,1047.0
MSP,1,Southwest Airlines,644,131.0,7.0,1165.0,42.0,598.0,0.0,2888.0
MSP,2,Southwest Airlines,578,110.0,16.0,1434.0,125.0,605.0,0.0,1811.0
MSP,3,Southwest Airlines,671,101.0,6.0,990.0,133.0,426.0,0.0,2364.0
MSP,4,Southwest Airlines,628,113.0,0.0,1114.0,436.0,669.0,0.0,2760.0
MSP,5,Southwest Airlines,626,78.0,6.0,1244.0,349.0,529.0,0.0,1906.0
MSP,6,Southwest Airlines,698,204.0,13.0,2142.0,962.0,1413.0,0.0,5290.0
MSP,7,Southwest Airlines,740,187.0,4.0,1911.0,420.0,957.0,0.0,5917.0
MSP,8,Southwest Airlines,725,107.0,5.0,1943.0,224.0,850.0,0.0,1859.0
MSP,9,Southwest Airlines,691,89.0,1.0,1363.0,660.0,609.0,0.0,1967.0
MSP,10,Southwest Airlines,719,67.0,1.0,810.0,0.0,166.0,0.0,939.0
MSP,11,Southwest Airlines,617,90.0,7.0,2085.0,52.0,1131.0,0.0,1893.0
MSP,12,Southwest Airlines,654,130.0,19.0,2239.0,296.0,1712.0,31.0,3154.0
ORD,1,American Airlines,3899,994.0,87.0,15158.0,11606.0,8795.0,1.0,20828.0
ORD,2,American Airlines,3589,974.0,215.0,16846.0,9875.0,10258.0,24.0,15882.0
ORD,3,American Airlines,4318,1015.0,104.0,19544.0,5436.0,10582.0,20.0,21188.0
ORD,4,American Airlines,4583,999.0,59.0,16331.0,2236.0,8396.0,0.0,23155.0
ORD,5,American Airlines,4529,914.0,48.0,16715.0,1787.0,12012.0,48.0,18921.0
ORD,6,American Airlines,4565,1380.0,107.0,27062.0,3541.0,18671.0,0.0,39717.0
ORD,7,American Airlines,5301,1348.0,42.0,23223.0,2512.0,15825.0,74.0,42604.0
ORD,8,American Airlines,5256,1097.0,77.0,19591.0,3084.0,12969.0,47.0,21964.0
ORD,9,American Airlines,4753,776.0,24.0,15923.0,2384.0,9011.0,0.0,14288.0
ORD,10,American Airlines,5111,773.0,18.0,14483.0,806.0,6707.0,7.0,13098.0
ORD,11,American Airlines,5009,934.0,96.0,18427.0,13826.0,9355.0,38.0,27359.0
ORD,12,American Airlines,4939,986.0,149.0,18604.0,12923.0,13328.0,68.0,20433.0
ORD,1,Alaska Airlines,100,24.0,0.0,290.0,534.0,346.0,0.0,265.0
ORD,2,Alaska Airlines,84,14.0,1.0,74.0,54.0,190.0,0.0,670.0
ORD,3,Alaska Airlines,160,23.0,2.0,235.0,231.0,454.0,0.0,871.0
ORD,4,Alaska Airlines,176,18.0,1.0,251.0,84.0,200.0,0.0,1257.0
ORD,5,Alaska Airlines,180,18.0,1.0,180.0,12.0,34.0,0.0,278.0
ORD,6,Alaska Airlines,185,27.0,0.0,349.0,96.0,609.0,0.0,663.0
ORD,7,Alaska Airlines,196,19.0,0.0,144.0,0.0,443.0,0.0,342.0
ORD,8,Alaska Airlines,194,35.0,1.0,571.0,134.0,426.0,0.0,1529.0
ORD,9,Alaska Airlines,179,16.0,0.0,155.0,30.0,370.0,0.0,385.0
ORD,10,Alaska Airlines,181,15.0,0.0,122.0,0.0,354.0,0.0,372.0
ORD,11,Alaska Airlines,145,27.0,0.0,304.0,55.0,204.0,2.0,1424.0
ORD,12,Alaska Airlines,149,24.0,3.0,600.0,0.0,86.0,0.0,683.0
ORD,1,JetBlue Airways,170,33.0,9.0,389.0,72.0,611.0,0.0,995.0
ORD,2,JetBlue Airways,149,51.0,15.0,674.0,167.0,1155.0,0.0,1850.0
ORD,3,JetBlue Airways,182,58.0,3.0,770.0,185.0,766.0,0.0,1835.0
ORD,4,JetBlue Airways,176,32.0,1.0,165.0,0.0,1097.0,0.0,1024.0
ORD,5,JetBlue Airways,237,67.0,0.0,348.0,174.0,1444.0,0.0,946.0
ORD,6,JetBlue Airways,250,80.0,4.0,811.0,462.0,1947.0,0.0,3090.0
ORD,7,JetBlue Airways,278,72.0,5.0,1026.0,171.0,1836.0,19.0,2147.0
ORD,8,JetBlue Airways,279,68.0,2.0,1012.0,170.0,1104.0,14.0,3129.0
ORD,9,JetBlue Airways,216,43.0,1.0,629.0,521.0,1140.0,16.0,979.0
ORD,10,JetBlue Airways,205,51.0,0.0,736.0,0.0,1244.0,1.0,898.0
ORD,11,JetBlue Airways,165,40.0,2.0,503.0,240.0,656.0,0.0,1562.0
ORD,12,JetBlue Airways,154,51.0,0.0,1664.0,405.0,1308.0,14.0,2130.0
ORD,1,Delta Air Lines,569,84.0,2.0,1400.0,1167.0,1213.0,0.0,1819.0
ORD,2,Delta Air Lines,523,138.0,8.0,2431.0,1666.0,1968.0,0.0,4856.0
ORD,3,Delta Air Lines,603,126.0,1.0,2145.0,1051.0,944.0,0.0,3968.0
ORD,4,Delta Air Lines,642,108.0,3.0,1052.0,582.0,1631.0,0.0,4356.0
ORD,5,Delta Air Lines,705,111.0,2.0,1969.0,390.0,1924.0,0.0,2934.0
ORD,6,Delta Air Lines,675,243.0,6.0,6793.0,1712.0,3054.0,0.0,7689.0
ORD,7,Delta Air Lines,678,143.0,1.0,2570.0,570.0,1630.0,0.0,3904.0
ORD,8,Delta Air Lines,673,114.0,0.0,1922.0,458.0,1348.0,0.0,3834.0
ORD,9,Delta Air Lines,661,99.0,0.0,1815.0,415.0,1346.0,0.0,3173.0
ORD,10,Delta Air Lines,691,55.0,0.0,1812.0,34.0,845.0,0.0,665.0
ORD,11,Delta Air Lines,657,122.0,0.0,1912.0,2065.0,941.0,0.0,5961.0
ORD,12,Delta Air Lines,576,127.0,4.0,2368.0,695.0,1862.0,0.0,3685.0
ORD,1,ExpressJet Airlines,3767,961.0,103.0,15742.0,8143.0,15068.0,0.0,23294.0
ORD,2,ExpressJet Airlines,3745,1152.0,281.0,20079.0,6111.0,16471.0,0.0,28747.0
ORD,3,ExpressJet Airlines,4606,746.0,150.0,11909.0,5775.0,8537.0,0.0,15704.0
ORD,4,ExpressJet Airlines,4206,521.0,130.0,7966.0,1238.0,6623.0,0.0,11924.0
ORD,5,ExpressJet Airlines,4086,654.0,34.0,11620.0,2837.0,9600.0,0.0,10979.0
ORD,6,ExpressJet Airlines,3923,987.0,228.0,17511.0,6683.0,20128.0,0.0,27407.0
ORD,7,ExpressJet Airlines,4498,858.0,104.0,15409.0,2516.0,17151.0,0.0,24768.0
ORD,8,ExpressJet Airlines,4370,714.0,95.0,12701.0,3795.0,16840.0,0.0,17169.0
ORD,9,ExpressJet Airlines,3828,455.0,45.0,8680.0,2903.0,11935.0,0.0,12712.0
ORD,10,ExpressJet Airlines,3842,345.0,8.0,6560.0,174.0,8177.0,0.0,5510.0
ORD,11,ExpressJet Airlines,3480,483.0,135.0,9158.0,6396.0,9153.0,0.0,13385.0
ORD,12,ExpressJet Airlines,3734,629.0,172.0,11274.0,2734.0,10222.0,0.0,11075.0
ORD,1,Frontier Airlines,283,101.0,3.0,3218.0,332.0,4306.0,0.0,3739.0
ORD,2,Frontier Airlines,263,127.0,7.0,2944.0,1156.0,4651.0,0.0,3336.0
ORD,3,Frontier Airlines,337,133.0,4.0,1998.0,268.0,4586.0,0.0,4100.0
ORD,4,Frontier Airlines,372,106.0,6.0,1306.0,236.0,3656.0,0.0,1434.0
ORD,5,Frontier Airlines,496,136.0,0.0,2555.0,0.0,5528.0,0.0,3114.0
ORD,6,Frontier Airlines,481,224.0,2.0,3696.0,27.0,7074.0,0.0,6545.0
ORD,7,Frontier Airlines,494,156.0,0.0,1761.0,48.0,5646.0,0.0,3637.0
ORD,8,Frontier Airlines,478,148.0,0.0,1765.0,264.0,5037.0,0.0,3522.0
ORD,9,Frontier Airlines,424,75.0,2.0,1910.0,12.0,1944.0,0.0,2617.0
ORD,10,Frontier Airlines,455,80.0,0.0,1778.0,0.0,1969.0,0.0,2010.0
ORD,11,Frontier Airlines,485,144.0,7.0,3144.0,681.0,4477.0,0.0,4428.0
ORD,12,Frontier Airlines,498,130.0,15.0,1588.0,198.0,2226.0,0.0,3799.0
ORD,1,Envoy Air,5655,1990.0,603.0,34258.0,39104.0,37604.0,57.0,47578.0
ORD,2,Envoy Air,5047,1945.0,682.0,33578.0,22677.0,36028.0,12.0,47653.0
ORD,3,Envoy Air,5486,1198.0,228.0,27155.0,5447.0,12707.0,114.0,19599.0
ORD,4,Envoy Air,5305,821.0,132.0,10743.0,1555.0,7285.0,161.0,11129.0
ORD,5,Envoy Air,5745,882.0,67.0,12502.0,5087.0,5277.0,50.0,15621.0
ORD,6,Envoy Air,6152,1559.0,392.0,22250.0,4485.0,19113.0,18.0,32843.0
ORD,7,Envoy Air,6094,1213.0,139.0,14440.0,5636.0,14716.0,25.0,22945.0
ORD,8,Envoy Air,5988,1100.0,234.0,15287.0,5300.0,9789.0,60.0,17189.0
ORD,9,Envoy Air,5640,899.0,125.0,11017.0,8862.0,7265.0,40.0,14621.0
ORD,10,Envoy Air,6029,600.0,5.0,7835.0,215.0,2565.0,69.0,6779.0
ORD,11,Envoy Air,5953,829.0,359.0,17687.0,9974.0,11116.0,0.0,17460.0
ORD,12,Envoy Air,6065,889.0,232.0,10257.0,13386.0,14252.0,42.0,15169.0
ORD,1,Spirit Airlines,767,249.0,6.0,3296.0,83.0,10831.0,0.0,3299.0
ORD,2,Spirit Airlines,716,295.0,32.0,7263.0,2385.0,6172.0,55.0,4668.0
ORD,3,Spirit Airlines,806,281.0,12.0,5088.0,602.0,7424.0,41.0,4158.0
ORD,4,Spirit Airlines,884,255.0,10.0,3013.0,635.0,6313.0,4.0,4042.0
ORD,5,Spirit Airlines,1023,518.0,33.0,12071.0,881.0,10808.0,197.0,12058.0
ORD,6,Spirit Airlines,990,599.0,63.0,15452.0,741.0,15376.0,120.0,16011.0
ORD,7,Spirit Airlines,1023,408.0,26.0,6877.0,957.0,8343.0,274.0,8045.0
ORD,8,Spirit Airlines,1023,391.0,24.0,5665.0,721.0,12611.0,50.0,4526.0
ORD,9,Spirit Airlines,956,249.0,11.0,5376.0,111.0,5539.0,33.0,3483.0
ORD,10,Spirit Airlines,976,196.0,2.0,622.0,64.0,8285.0,10.0,690.0
ORD,11,Spirit Airlines,895,211.0,23.0,3247.0,834.0,6846.0,7.0,3840.0
ORD,12,Spirit Airlines,882,252.0,29.0,3947.0,523.0,5642.0,115.0,3719.0
ORD,1,SkyWest Airlines,3181,1085.0,151.0,27671.0,5913.0,13804.0,29.0,31021.0
ORD,2,SkyWest Airlines,2885,1093.0,220.0,21481.0,10504.0,12357.0,33.0,28322.0
ORD,3,SkyWest Airlines,3142,629.0,94.0,14951.0,3023.0,6288.0,0.0,12525.0
ORD,4,SkyWest Airlines,3573,653.0,95.0,17165.0,1410.0,4866.0,30.0,11225.0
ORD,5,SkyWest Airlines,3413,631.0,63.0,14114.0,1482.0,5474.0,3.0,10280.0
ORD,6,SkyWest Airlines,3855,1091.0,219.0,25009.0,6320.0,14976.0,142.0,31204.0
ORD,7,SkyWest Airlines,3542,886.0,85.0,21235.0,2246.0,9286.0,286.0,20901.0
ORD,8,SkyWest Airlines,3820,853.0,91.0,21989.0,3575.0,8834.0,132.0,18393.0
ORD,9,SkyWest Airlines,3739,599.0,53.0,14381.0,2427.0,8804.0,46.0,13106.0
ORD,10,SkyWest Airlines,3830,508.0,10.0,12191.0,282.0,7720.0,0.0,7878.0
ORD,11,SkyWest Airlines,3549,661.0,121.0,16437.0,6971.0,9228.0,0.0,20686.0
ORD,12,SkyWest Airlines,3159,787.0,114.0,19447.0,3741.0,9855.0,64.0,18576.0
ORD,1,United Airlines,4383,1520.0,132.0,25473.0,21193.0,15450.0,0.0,27623.0
ORD,2,United Airlines,4173,1644.0,200.0,25436.0,15403.0,15458.0,0.0,20040.0
ORD,3,United Airlines,5749,1722.0,82.0,30910.0,7077.0,15307.0,0.0,31555.0
ORD,4,United Airlines,5271,1326.0,64.0,25704.0,7236.0,11650.0,0.0,30811.0
ORD,5,United Airlines,5787,1547.0,38.0,29417.0,3797.0,20629.0,0.0,36211.0
ORD,6,United Airlines,5786,2437.0,194.0,54663.0,12887.0,28129.0,0.0,73930.0
ORD,7,United Airlines,5967,2088.0,80.0,46452.0,4157.0,24646.0,0.0,52824.0
ORD,8,United Airlines,5915,1696.0,39.0,32013.0,6307.0,22667.0,0.0,36444.0
ORD,9,United Airlines,5627,1053.0,23.0,21637.0,4385.0,15265.0,0.0,25585.0
ORD,10,United Airlines,6186,966.0,7.0,18478.0,206.0,12845.0,0.0,14783.0
ORD,11,United Airlines,5600,1221.0,64.0,22929.0,11327.0,13520.0,0.0,34893.0
ORD,12,United Airlines,5280,1425.0,151.0,25779.0,11645.0,20197.0,0.0,31729.0
ORD,1,US Airways,634,106.0,22.0,2330.0,351.0,1804.0,0.0,1186.0
ORD,2,US Airways,573,110.0,36.0,2993.0,475.0,1342.0,0.0,2055.0
ORD,3,US Airways,638,94.0,23.0,1491.0,850.0,1200.0,0.0,2665.0
ORD,4,US Airways,507,44.0,6.0,408.0,72.0,912.0,0.0,1661.0
ORD,5,US Airways,521,45.0,3.0,452.0,177.0,1577.0,0.0,1512.0
ORD,6,US Airways,579,125.0,7.0,2334.0,332.0,2327.0,0.0,3512.0
ORD,1,Virgin America,76,21.0,0.0,230.0,117.0,385.0,0.0,76.0
ORD,2,Virgin America,65,14.0,2.0,81.0,70.0,591.0,0.0,388.0
ORD,3,Virgin America,102,17.0,0.0,52.0,280.0,115.0,0.0,1093.0
ORD,4,Virgin America,110,17.0,1.0,8.0,143.0,135.0,0.0,878.0
ORD,5,Virgin America,149,27.0,0.0,111.0,59.0,933.0,26.0,79.0
ORD,6,Virgin America,150,36.0,1.0,302.0,116.0,269.0,0.0,676.0
ORD,7,Virgin America,152,25.0,0.0,239.0,89.0,695.0,0.0,657.0
ORD,8,Virgin America,153,23.0,0.0,187.0,56.0,527.0,0.0,441.0
ORD,9,Virgin America,140,28.0,0.0,342.0,98.0,382.0,0.0,162.0
ORD,10,Virgin America,146,34.0,0.0,88.0,0.0,154.0,0.0,271.0
ORD,11,Virgin America,140,33.0,2.0,1016.0,89.0,162.0,0.0,328.0
ORD,12,Virgin America,143,53.0,1.0,623.0,76.0,1882.0,46.0,1077.0
PHX,1,American Airlines,512,83.0,6.0,2975.0,122.0,1653.0,5.0,3420.0
PHX,2,American Airlines,451,66.0,20.0,2899.0,32.0,1322.0,5.0,1908.0
PHX,3,American Airlines,537,105.0,7.0,3134.0,77.0,1863.0,0.0,3750.0
PHX,4,American Airlines,441,64.0,4.0,2189.0,18.0,1760.0,9.0,2097.0
PHX,5,American Airlines,403,39.0,7.0,791.0,375.0,1716.0,0.0,2648.0
PHX,6,American Airlines,317,46.0,2.0,761.0,87.0,1560.0,0.0,729.0
PHX,7,American Airlines,5664,972.0,27.0,24428.0,916.0,13329.0,291.0,14596.0
PHX,8,American Airlines,5371,1001.0,23.0,24753.0,1996.0,16319.0,285.0,15717.0
PHX,9,American Airlines,4535,514.0,3.0,14707.0,457.0,8098.0,243.0,7235.0
PHX,10,American Airlines,5088,626.0,5.0,16753.0,621.0,9753.0,173.0,7861.0
PHX,11,American Airlines,4793,646.0,17.0,13362.0,88.0,8615.0,1152.0,7206.0
PHX,12,American Airlines,5190,895.0,24.0,16968.0,384.0,14522.0,203.0,11640.0
PHX,1,Alaska Airlines,207,35.0,0.0,246.0,247.0,223.0,0.0,1576.0
PHX,2,Alaska Airlines,204,23.0,0.0,158.0,24.0,307.0,0.0,978.0
PHX,3,Alaska Airlines,243,21.0,1.0,204.0,0.0,113.0,0.0,489.0
PHX,4,Alaska Airlines,236,5.0,0.0,8.0,10.0,31.0,0.0,79.0
PHX,5,Alaska Airlines,217,12.0,0.0,72.0,0.0,85.0,0.0,255.0
PHX,6,Alaska Airlines,187,13.0,0.0,349.0,22.0,45.0,0.0,245.0
PHX,7,Alaska Airlines,186,13.0,0.0,254.0,31.0,155.0,0.0,518.0
PHX,8,Alaska Airlines,185,25.0,0.0,95.0,105.0,978.0,0.0,732.0
PHX,9,Alaska Airlines,176,15.0,0.0,367.0,0.0,405.0,27.0,90.0
PHX,10,Alaska Airlines,182,15.0,0.0,72.0,1.0,734.0,0.0,448.0
PHX,11,Alaska Airlines,220,21.0,0.0,354.0,0.0,530.0,0.0,293.0
PHX,12,Alaska Airlines,214,14.0,0.0,631.0,0.0,472.0,0.0,351.0
PHX,1,JetBlue Airways,60,15.0,3.0,144.0,0.0,113.0,0.0,468.0
PHX,2,JetBlue Airways,58,26.0,3.0,208.0,0.0,540.0,17.0,704.0
PHX,3,JetBlue Airways,62,19.0,0.0,95.0,0.0,70.0,0.0,608.0
PHX,4,JetBlue Airways,60,21.0,1.0,78.0,0.0,156.0,0.0,442.0
PHX,5,JetBlue Airways,62,25.0,0.0,96.0,42.0,95.0,0.0,774.0
PHX,6,JetBlue Airways,60,20.0,0.0,216.0,0.0,54.0,0.0,410.0
PHX,7,JetBlue Airways,62,17.0,0.0,146.0,0.0,58.0,0.0,509.0
PHX,8,JetBlue Airways,62,22.0,2.0,180.0,38.0,58.0,0.0,711.0
PHX,9,JetBlue Airways,60,15.0,0.0,67.0,0.0,122.0,0.0,555.0
PHX,10,JetBlue Airways,61,13.0,0.0,108.0,0.0,91.0,0.0,267.0
PHX,11,JetBlue Airways,57,17.0,0.0,198.0,0.0,212.0,0.0,259.0
PHX,12,JetBlue Airways,60,24.0,0.0,182.0,0.0,106.0,0.0,979.0
PHX,1,Delta Air Lines,589,57.0,2.0,883.0,855.0,972.0,0.0,1620.0
PHX,2,Delta Air Lines,564,63.0,4.0,1558.0,70.0,941.0,90.0,1564.0
PHX,3,Delta Air Lines,735,82.0,3.0,1453.0,86.0,505.0,0.0,1561.0
PHX,4,Delta Air Lines,655,67.0,1.0,1796.0,174.0,1045.0,0.0,1044.0
PHX,5,Delta Air Lines,603,64.0,0.0,2080.0,377.0,678.0,26.0,1624.0
PHX,6,Delta Air Lines,612,70.0,1.0,1406.0,134.0,1242.0,0.0,1156.0
PHX,7,Delta Air Lines,642,72.0,0.0,4584.0,142.0,669.0,0.0,1567.0
PHX,8,Delta Air Lines,638,67.0,0.0,2153.0,171.0,896.0,0.0,1712.0
PHX,9,Delta Air Lines,548,37.0,0.0,1501.0,46.0,243.0,0.0,329.0
PHX,10,Delta Air Lines,600,42.0,0.0,716.0,0.0,413.0,0.0,946.0
PHX,11,Delta Air Lines,641,53.0,0.0,537.0,0.0,362.0,0.0,555.0
PHX,12,Delta Air Lines,691,96.0,1.0,1763.0,193.0,975.0,0.0,1958.0
PHX,1,ExpressJet Airlines,1,0.0,0.0,0,0,0,0,0
PHX,6,ExpressJet Airlines,1,0.0,0.0,0,0,0,0,0
PHX,7,ExpressJet Airlines,2,1.0,0.0,15.0,0.0,18.0,0.0,0.0
PHX,8,ExpressJet Airlines,3,0.0,0.0,0,0,0,0,0
PHX,9,ExpressJet Airlines,1,0.0,0.0,0,0,0,0,0
PHX,1,Frontier Airlines,228,65.0,1.0,1256.0,0.0,1175.0,0.0,3153.0
PHX,2,Frontier Airlines,207,70.0,2.0,1534.0,45.0,1777.0,0.0,2401.0
PHX,3,Frontier Airlines,218,76.0,1.0,1052.0,0.0,2204.0,0.0,1894.0
PHX,4,Frontier Airlines,203,51.0,1.0,156.0,0.0,1138.0,0.0,1566.0
PHX,5,Frontier Airlines,155,31.0,0.0,265.0,0.0,1138.0,0.0,639.0
PHX,6,Frontier Airlines,150,38.0,3.0,456.0,30.0,1717.0,0.0,734.0
PHX,7,Frontier Airlines,155,39.0,1.0,950.0,7.0,1050.0,0.0,2076.0
PHX,8,Frontier Airlines,151,21.0,0.0,737.0,277.0,641.0,0.0,344.0
PHX,9,Frontier Airlines,141,15.0,0.0,163.0,0.0,357.0,0.0,624.0
PHX,10,Frontier Airlines,144,16.0,0.0,148.0,2.0,283.0,0.0,891.0
PHX,11,Frontier Airlines,137,33.0,2.0,299.0,0.0,681.0,0.0,799.0
PHX,12,Frontier Airlines,125,40.0,4.0,229.0,0.0,875.0,0.0,1357.0
PHX,1,Hawaiian Airlines,31,1.0,0.0,100.0,0.0,0.0,0.0,0.0
PHX,2,Hawaiian Airlines,28,2.0,0.0,353.0,1.0,0.0,0.0,0.0
PHX,3,Hawaiian Airlines,31,2.0,0.0,143.0,61.0,0.0,0.0,0.0
PHX,4,Hawaiian Airlines,30,1.0,0.0,178.0,36.0,0.0,0.0,0.0
PHX,5,Hawaiian Airlines,31,1.0,0.0,487.0,124.0,23.0,0.0,0.0
PHX,6,Hawaiian Airlines,30,0.0,0.0,203.0,41.0,0.0,0.0,0.0
PHX,7,Hawaiian Airlines,31,1.0,0.0,310.0,0.0,0.0,0.0,0.0
PHX,8,Hawaiian Airlines,31,2.0,0.0,747.0,0.0,0.0,0.0,0.0
PHX,9,Hawaiian Airlines,30,1.0,0.0,231.0,20.0,0.0,0.0,0.0
PHX,10,Hawaiian Airlines,31,2.0,0.0,513.0,9.0,0.0,0.0,0.0
PHX,11,Hawaiian Airlines,30,2.0,0.0,292.0,0.0,0.0,0.0,0.0
PHX,12,Hawaiian Airlines,31,1.0,0.0,144.0,0.0,0.0,0.0,0.0
PHX,1,Spirit Airlines,124,28.0,0.0,304.0,0.0,1751.0,237.0,221.0
PHX,2,Spirit Airlines,112,40.0,5.0,459.0,0.0,1734.0,0.0,306.0
PHX,3,Spirit Airlines,124,34.0,2.0,544.0,0.0,904.0,0.0,657.0
PHX,4,Spirit Airlines,90,27.0,2.0,418.0,0.0,513.0,0.0,182.0
PHX,5,Spirit Airlines,62,20.0,4.0,206.0,104.0,494.0,0.0,597.0
PHX,6,Spirit Airlines,60,18.0,2.0,89.0,0.0,938.0,0.0,355.0
PHX,7,Spirit Airlines,62,11.0,0.0,132.0,0.0,277.0,0.0,162.0
PHX,8,Spirit Airlines,62,10.0,1.0,22.0,18.0,207.0,0.0,107.0
PHX,9,Spirit Airlines,54,4.0,0.0,0.0,0.0,7.0,0.0,112.0
PHX,10,Spirit Airlines,54,10.0,2.0,241.0,0.0,1142.0,0.0,0.0
PHX,11,Spirit Airlines,92,35.0,4.0,152.0,44.0,729.0,0.0,681.0
PHX,12,Spirit Airlines,124,42.0,5.0,150.0,0.0,1001.0,13.0,286.0
PHX,1,SkyWest Airlines,1592,197.0,24.0,3901.0,404.0,2646.0,119.0,6573.0
PHX,2,SkyWest Airlines,1451,147.0,11.0,1954.0,634.0,2496.0,22.0,6405.0
PHX,3,SkyWest Airlines,1745,190.0,14.0,3743.0,221.0,3083.0,67.0,4060.0
PHX,4,SkyWest Airlines,1858,209.0,22.0,5383.0,36.0,1729.0,98.0,5306.0
PHX,5,SkyWest Airlines,1866,208.0,12.0,5071.0,0.0,1872.0,64.0,4507.0
PHX,6,SkyWest Airlines,1896,327.0,32.0,8345.0,190.0,3073.0,58.0,9749.0
PHX,7,SkyWest Airlines,2036,307.0,21.0,6527.0,1524.0,3327.0,91.0,9848.0
PHX,8,SkyWest Airlines,1919,338.0,36.0,7036.0,1102.0,4253.0,169.0,9003.0
PHX,9,SkyWest Airlines,1440,191.0,15.0,5074.0,319.0,1703.0,30.0,4150.0
PHX,10,SkyWest Airlines,1410,161.0,5.0,2529.0,53.0,2048.0,39.0,4710.0
PHX,11,SkyWest Airlines,1270,125.0,6.0,1364.0,150.0,1072.0,133.0,4085.0
PHX,12,SkyWest Airlines,1479,243.0,30.0,3693.0,148.0,3407.0,164.0,8031.0
PHX,1,United Airlines,550,102.0,8.0,1427.0,426.0,1535.0,0.0,2625.0
PHX,2,United Airlines,554,110.0,4.0,1635.0,103.0,1494.0,0.0,1924.0
PHX,3,United Airlines,654,111.0,3.0,1583.0,12.0,972.0,0.0,2672.0
PHX,4,United Airlines,535,105.0,4.0,1612.0,73.0,1762.0,0.0,2633.0
PHX,5,United Airlines,534,104.0,1.0,1155.0,182.0,1276.0,0.0,3014.0
PHX,6,United Airlines,403,99.0,11.0,1203.0,171.0,2050.0,0.0,2853.0
PHX,7,United Airlines,309,70.0,0.0,1359.0,181.0,845.0,0.0,1498.0
PHX,8,United Airlines,359,68.0,2.0,1350.0,97.0,1175.0,0.0,1262.0
PHX,9,United Airlines,450,39.0,1.0,176.0,0.0,717.0,0.0,1088.0
PHX,10,United Airlines,572,73.0,2.0,733.0,282.0,616.0,0.0,1655.0
PHX,11,United Airlines,583,83.0,4.0,2130.0,164.0,1078.0,0.0,1472.0
PHX,12,United Airlines,538,88.0,6.0,1742.0,900.0,1736.0,0.0,1616.0
PHX,1,US Airways,4446,637.0,29.0,15757.0,238.0,11050.0,360.0,11275.0
PHX,2,US Airways,3983,678.0,67.0,14589.0,4055.0,11190.0,188.0,12559.0
PHX,3,US Airways,4830,680.0,22.0,17984.0,270.0,14503.0,252.0,6859.0
PHX,4,US Airways,4563,609.0,12.0,15002.0,299.0,7233.0,95.0,5536.0
PHX,5,US Airways,4840,615.0,8.0,14192.0,1152.0,9057.0,194.0,5406.0
PHX,6,US Airways,5119,899.0,17.0,25074.0,668.0,12393.0,325.0,11038.0
PHX,1,Southwest Airlines,4782,1153.0,16.0,14917.0,702.0,7843.0,109.0,24918.0
PHX,2,Southwest Airlines,4304,985.0,48.0,12590.0,881.0,7094.0,5.0,20457.0
PHX,3,Southwest Airlines,5347,1288.0,28.0,16413.0,574.0,8200.0,179.0,20423.0
PHX,4,Southwest Airlines,5075,1267.0,13.0,17262.0,522.0,3687.0,54.0,19639.0
PHX,5,Southwest Airlines,5030,1330.0,22.0,17679.0,1299.0,4541.0,103.0,24680.0
PHX,6,Southwest Airlines,5036,1782.0,37.0,37914.0,1541.0,7463.0,235.0,36455.0
PHX,7,Southwest Airlines,5125,1726.0,14.0,26088.0,1245.0,9412.0,49.0,41935.0
PHX,8,Southwest Airlines,4922,1221.0,26.0,22669.0,1792.0,7547.0,0.0,26657.0
PHX,9,Southwest Airlines,4588,551.0,15.0,7311.0,424.0,3234.0,14.0,7097.0
PHX,10,Southwest Airlines,4779,696.0,3.0,7199.0,1179.0,4268.0,0.0,11314.0
PHX,11,Southwest Airlines,4689,947.0,25.0,12621.0,557.0,4001.0,170.0,14818.0
PHX,12,Southwest Airlines,4867,1308.0,34.0,16635.0,1216.0,7022.0,41.0,29789.0
SFO,1,American Airlines,877,164.0,15.0,3665.0,36.0,2790.0,5.0,6128.0
SFO,2,American Airlines,791,125.0,39.0,4860.0,2.0,2616.0,0.0,4822.0
SFO,3,American Airlines,900,137.0,24.0,4325.0,0.0,2701.0,0.0,4470.0
SFO,4,American Airlines,871,138.0,5.0,3707.0,389.0,2015.0,20.0,3361.0
SFO,5,American Airlines,895,145.0,10.0,2549.0,41.0,3091.0,0.0,3280.0
SFO,6,American Airlines,903,153.0,15.0,3518.0,108.0,2371.0,0.0,3396.0
SFO,7,American Airlines,1449,238.0,8.0,6076.0,0.0,3531.0,0.0,6409.0
SFO,8,American Airlines,1438,188.0,9.0,4866.0,0.0,2181.0,56.0,4270.0
SFO,9,American Airlines,1365,185.0,4.0,4765.0,0.0,2818.0,0.0,3871.0
SFO,10,American Airlines,1438,164.0,9.0,3454.0,0.0,4384.0,0.0,3204.0
SFO,11,American Airlines,1353,166.0,8.0,2221.0,190.0,2279.0,0.0,3713.0
SFO,12,American Airlines,1374,311.0,20.0,9464.0,301.0,3422.0,13.0,9593.0
SFO,1,Alaska Airlines,451,70.0,1.0,247.0,238.0,1020.0,0.0,3969.0
SFO,2,Alaska Airlines,419,85.0,7.0,1309.0,0.0,734.0,0.0,4968.0
SFO,3,Alaska Airlines,500,70.0,1.0,1211.0,15.0,325.0,4.0,2940.0
SFO,4,Alaska Airlines,492,72.0,2.0,500.0,0.0,378.0,23.0,2854.0
SFO,5,Alaska Airlines,504,132.0,3.0,837.0,0.0,378.0,76.0,5634.0
SFO,6,Alaska Airlines,476,52.0,2.0,1107.0,0.0,111.0,1.0,1918.0
SFO,7,Alaska Airlines,488,73.0,0.0,848.0,0.0,560.0,22.0,3161.0
SFO,8,Alaska Airlines,515,96.0,1.0,416.0,0.0,1518.0,57.0,2381.0
SFO,9,Alaska Airlines,457,70.0,3.0,1835.0,0.0,911.0,21.0,2235.0
SFO,10,Alaska Airlines,473,63.0,1.0,703.0,8.0,1111.0,19.0,1807.0
SFO,11,Alaska Airlines,432,57.0,3.0,600.0,0.0,1001.0,87.0,2631.0
SFO,12,Alaska Airlines,443,110.0,10.0,1233.0,0.0,907.0,126.0,7316.0
SFO,1,JetBlue Airways,402,58.0,18.0,1011.0,205.0,999.0,0.0,1825.0
SFO,2,JetBlue Airways,393,96.0,9.0,1573.0,402.0,817.0,0.0,3937.0
SFO,3,JetBlue Airways,450,99.0,2.0,1404.0,151.0,2526.0,0.0,1943.0
SFO,4,JetBlue Airways,437,70.0,1.0,1054.0,56.0,1410.0,0.0,1603.0
SFO,5,JetBlue Airways,455,108.0,1.0,1517.0,112.0,1592.0,0.0,2748.0
SFO,6,JetBlue Airways,444,92.0,0.0,1199.0,12.0,891.0,0.0,2773.0
SFO,7,JetBlue Airways,461,124.0,2.0,857.0,0.0,932.0,0.0,4234.0
SFO,8,JetBlue Airways,460,116.0,3.0,2201.0,0.0,872.0,7.0,3861.0
SFO,9,JetBlue Airways,445,91.0,0.0,962.0,0.0,1158.0,0.0,1714.0
SFO,10,JetBlue Airways,468,73.0,0.0,1445.0,61.0,1488.0,0.0,1390.0
SFO,11,JetBlue Airways,490,90.0,0.0,1557.0,0.0,1136.0,33.0,2074.0
SFO,12,JetBlue Airways,491,177.0,3.0,3482.0,156.0,1117.0,0.0,8166.0
SFO,1,Delta Air Lines,624,49.0,8.0,2570.0,0.0,891.0,0.0,857.0
SFO,2,Delta Air Lines,556,80.0,8.0,1796.0,516.0,1208.0,0.0,2447.0
SFO,3,Delta Air Lines,712,76.0,11.0,2071.0,0.0,2328.0,0.0,1046.0
SFO,4,Delta Air Lines,725,82.0,2.0,1439.0,0.0,1777.0,0.0,1709.0
SFO,5,Delta Air Lines,765,96.0,0.0,1865.0,0.0,1479.0,0.0,1703.0
SFO,6,Delta Air Lines,1042,215.0,4.0,3123.0,349.0,2422.0,0.0,5934.0
SFO,7,Delta Air Lines,1141,229.0,3.0,1785.0,0.0,3549.0,0.0,6345.0
SFO,8,Delta Air Lines,1134,211.0,1.0,3403.0,449.0,2580.0,0.0,4942.0
SFO,9,Delta Air Lines,946,115.0,0.0,2239.0,0.0,2289.0,0.0,2691.0
SFO,10,Delta Air Lines,1036,109.0,0.0,1911.0,6.0,2020.0,0.0,2267.0
SFO,11,Delta Air Lines,1060,155.0,1.0,2185.0,0.0,1841.0,0.0,4427.0
SFO,12,Delta Air Lines,996,288.0,5.0,5089.0,55.0,3608.0,0.0,9605.0
SFO,1,Frontier Airlines,140,30.0,0.0,359.0,0.0,862.0,0.0,902.0
SFO,2,Frontier Airlines,128,38.0,0.0,136.0,0.0,1254.0,0.0,1801.0
SFO,3,Frontier Airlines,143,32.0,0.0,332.0,0.0,693.0,0.0,1114.0
SFO,4,Frontier Airlines,146,36.0,0.0,1348.0,0.0,818.0,0.0,2580.0
SFO,5,Frontier Airlines,185,40.0,0.0,517.0,0.0,1356.0,0.0,982.0
SFO,6,Frontier Airlines,180,33.0,0.0,762.0,0.0,1055.0,0.0,862.0
SFO,7,Frontier Airlines,185,47.0,0.0,750.0,0.0,1535.0,0.0,1464.0
SFO,8,Frontier Airlines,186,25.0,0.0,396.0,0.0,597.0,0.0,434.0
SFO,9,Frontier Airlines,181,22.0,0.0,745.0,0.0,561.0,0.0,736.0
SFO,10,Frontier Airlines,192,33.0,0.0,634.0,0.0,504.0,0.0,915.0
SFO,11,Frontier Airlines,223,52.0,0.0,731.0,0.0,2256.0,0.0,1491.0
SFO,12,Frontier Airlines,249,97.0,4.0,1229.0,0.0,3052.0,0.0,5359.0
SFO,1,Hawaiian Airlines,62,6.0,1.0,543.0,0.0,20.0,0.0,0.0
SFO,2,Hawaiian Airlines,56,5.0,0.0,1037.0,0.0,21.0,0.0,0.0
SFO,3,Hawaiian Airlines,62,7.0,1.0,765.0,195.0,0.0,0.0,0.0
SFO,4,Hawaiian Airlines,60,3.0,0.0,293.0,31.0,0.0,0.0,0.0
SFO,5,Hawaiian Airlines,62,5.0,0.0,1189.0,9.0,0.0,0.0,0.0
SFO,6,Hawaiian Airlines,60,4.0,0.0,1595.0,0.0,5.0,0.0,0.0
SFO,7,Hawaiian Airlines,62,9.0,1.0,2087.0,0.0,0.0,1.0,0.0
SFO,8,Hawaiian Airlines,62,5.0,0.0,1051.0,8.0,0.0,0.0,0.0
SFO,9,Hawaiian Airlines,60,9.0,0.0,647.0,16.0,53.0,21.0,0.0
SFO,10,Hawaiian Airlines,62,3.0,0.0,449.0,0.0,0.0,0.0,0.0
SFO,11,Hawaiian Airlines,60,4.0,1.0,152.0,1.0,0.0,0.0,0.0
SFO,12,Hawaiian Airlines,62,6.0,0.0,386.0,98.0,1.0,0.0,0.0
SFO,1,SkyWest Airlines,3565,911.0,123.0,19552.0,3428.0,7860.0,95.0,33265.0
SFO,2,SkyWest Airlines,3108,759.0,133.0,14829.0,1734.0,6026.0,0.0,26956.0
SFO,3,SkyWest Airlines,3507,596.0,26.0,11441.0,518.0,3734.0,0.0,17190.0
SFO,4,SkyWest Airlines,3220,562.0,45.0,13224.0,74.0,2184.0,0.0,16218.0
SFO,5,SkyWest Airlines,3090,728.0,53.0,12391.0,143.0,2311.0,0.0,23924.0
SFO,6,SkyWest Airlines,2930,632.0,60.0,16792.0,151.0,2356.0,0.0,14795.0
SFO,7,SkyWest Airlines,3102,641.0,75.0,12101.0,87.0,3342.0,0.0,17802.0
SFO,8,SkyWest Airlines,3142,709.0,53.0,12510.0,153.0,3047.0,240.0,20163.0
SFO,9,SkyWest Airlines,2956,407.0,28.0,6836.0,344.0,3703.0,0.0,11030.0
SFO,10,SkyWest Airlines,3240,533.0,21.0,10192.0,559.0,4836.0,0.0,18678.0
SFO,11,SkyWest Airlines,3102,475.0,24.0,8583.0,719.0,4266.0,148.0,12206.0
SFO,12,SkyWest Airlines,3272,979.0,203.0,23018.0,1461.0,5468.0,68.0,37410.0
SFO,1,United Airlines,3743,784.0,66.0,15710.0,214.0,8777.0,0.0,17207.0
SFO,2,United Airlines,3439,805.0,67.0,14971.0,689.0,8845.0,0.0,18584.0
SFO,3,United Airlines,4017,804.0,49.0,16713.0,408.0,10553.0,0.0,15384.0
SFO,4,United Airlines,3944,836.0,26.0,16309.0,349.0,5624.0,0.0,16824.0
SFO,5,United Airlines,4330,1112.0,26.0,21030.0,215.0,9184.0,0.0,25411.0
SFO,6,United Airlines,4508,1449.0,106.0,31134.0,165.0,9795.0,0.0,32267.0
SFO,7,United Airlines,4685,1371.0,33.0,24868.0,56.0,8975.0,0.0,29927.0
SFO,8,United Airlines,4632,1085.0,34.0,19045.0,105.0,8096.0,0.0,21154.0
SFO,9,United Airlines,4182,658.0,2.0,12996.0,0.0,5674.0,0.0,10600.0
SFO,10,United Airlines,4389,665.0,8.0,15362.0,220.0,4986.0,0.0,13055.0
SFO,11,United Airlines,4036,705.0,20.0,16644.0,1495.0,8284.0,0.0,17883.0
SFO,12,United Airlines,4071,1222.0,53.0,29495.0,2033.0,6699.0,0.0,46324.0
SFO,1,US Airways,430,40.0,6.0,858.0,0.0,906.0,0.0,741.0
SFO,2,US Airways,364,52.0,6.0,1533.0,326.0,547.0,0.0,871.0
SFO,3,US Airways,417,31.0,4.0,868.0,0.0,771.0,0.0,536.0
SFO,4,US Airways,420,42.0,5.0,735.0,0.0,329.0,0.0,483.0
SFO,5,US Airways,481,47.0,1.0,916.0,0.0,817.0,0.0,661.0
SFO,6,US Airways,503,57.0,1.0,1119.0,0.0,671.0,0.0,813.0
SFO,1,Virgin America,1352,145.0,14.0,2125.0,817.0,2296.0,58.0,4158.0
SFO,2,Virgin America,1201,199.0,27.0,1947.0,477.0,2399.0,0.0,10310.0
SFO,3,Virgin America,1377,208.0,7.0,2678.0,354.0,5457.0,45.0,4893.0
SFO,4,Virgin America,1380,182.0,3.0,2347.0,696.0,2011.0,0.0,4459.0
SFO,5,Virgin America,1437,320.0,0.0,1970.0,746.0,2604.0,58.0,9019.0
SFO,6,Virgin America,1456,223.0,4.0,3166.0,634.0,4626.0,0.0,4061.0
SFO,7,Virgin America,1500,305.0,3.0,2878.0,235.0,5624.0,196.0,7106.0
SFO,8,Virgin America,1671,342.0,6.0,3725.0,311.0,6150.0,73.0,7092.0
SFO,9,Virgin America,1446,139.0,1.0,806.0,240.0,2341.0,76.0,2635.0
SFO,10,Virgin America,1526,217.0,4.0,2559.0,377.0,3132.0,6.0,6983.0
SFO,11,Virgin America,1527,222.0,10.0,2720.0,248.0,3304.0,37.0,4145.0
SFO,12,Virgin America,1593,465.0,17.0,3259.0,769.0,3374.0,58.0,22436.0
SFO,1,Southwest Airlines,1245,267.0,42.0,3029.0,216.0,1393.0,21.0,10158.0
SFO,2,Southwest Airlines,1114,251.0,52.0,2575.0,207.0,1792.0,0.0,10487.0
SFO,3,Southwest Airlines,1337,289.0,36.0,3892.0,103.0,1693.0,2.0,9330.0
SFO,4,Southwest Airlines,1324,243.0,31.0,2809.0,39.0,1183.0,0.0,7222.0
SFO,5,Southwest Airlines,1339,348.0,39.0,2712.0,172.0,1387.0,0.0,10652.0
SFO,6,Southwest Airlines,1344,322.0,53.0,3238.0,130.0,1401.0,14.0,9667.0
SFO,7,Southwest Airlines,1371,432.0,50.0,4179.0,256.0,3787.0,0.0,13673.0
SFO,8,Southwest Airlines,1350,283.0,45.0,2764.0,135.0,2945.0,0.0,8002.0
SFO,9,Southwest Airlines,1288,160.0,29.0,1653.0,286.0,1487.0,0.0,3515.0
SFO,10,Southwest Airlines,1346,203.0,13.0,2092.0,298.0,1367.0,0.0,6444.0
SFO,11,Southwest Airlines,1254,180.0,23.0,1999.0,154.0,1097.0,0.0,3556.0
SFO,12,Southwest Airlines,1270,371.0,48.0,3475.0,287.0,1563.0,21.0,19543.0
